Warning: You are sending unauthenticated requests to the HF Hub. Please set a HF_TOKEN to enable higher rate limits and faster downloads.
Salesforce/blip-image-captioning-large / caption: 298 items to run, 0 already done
Loading weights:   0%|          | 0/616 [00:00<?, ?it/s]Loading weights:  24%|██▍       | 148/616 [00:00<00:00, 1469.95it/s]Loading weights:  50%|████▉     | 306/616 [00:00<00:00, 1512.99it/s]Loading weights:  74%|███████▍  | 458/616 [00:00<00:00, 894.99it/s] Loading weights:  92%|█████████▏| 568/616 [00:00<00:00, 805.52it/s]Loading weights: 100%|██████████| 616/616 [00:00<00:00, 891.56it/s]
loaded on mps in 5.0s
[1/298] functional_0001 0.41s  'a green button with a check mark on it'
[2/298] functional_0002 0.29s  'a close up of a blue square with a white arrow'
[3/298] functional_0003 0.3s  'a close up of a phone with a red circle on it'
[4/298] functional_0004 0.33s  'a close up of a blue and white house icon on a white background'
[5/298] functional_0005 0.31s  'a close up of a blue q sign on a white background'
[6/298] functional_0006 0.31s  'a close up of a white arrow pointing to the left'
[7/298] functional_0007 0.31s  "a close up of a person ' s avatar on a blue button"
[8/298] functional_0008 0.34s  'there is a black arrow pointing to the left on a white background'
[9/298] functional_0009 0.31s  'a close up of a heart icon on a green button'
[10/298] functional_0010 0.31s  'a close up of a shopping cart icon on a blue square'
[11/298] functional_0011 0.3s  'a close up of a purple button with a white ribbon'
[12/298] functional_0012 0.29s  'a close up of a red cross on a white square'
[13/298] functional_0013 0.32s  'a blue and white logo with a blue and white image of a printer'
[14/298] functional_0014 0.28s  'a white padlock icon on a black background'
[15/298] functional_0015 0.33s  'a close up of a blue icon of a funnel on a white background'
[16/298] functional_0016 0.34s  'a close up of a red arrow pointing up on a pink background'
[17/298] functional_0017 0.29s  'a red button with a white logo on it'
[18/298] functional_0018 0.32s  'a close up of a pink square with a question mark on it'
[19/298] functional_0019 0.36s  'a close up of a red circle with a white line in the middle'
[20/298] functional_0020 0.33s  'a close up of a blue and white square with a gear symbol'
[21/298] functional_0021 0.31s  'a close up of a purple and white logo with a diagonal'
[22/298] functional_0022 0.3s  'a close up of a black and white photo of a cross'
[23/298] functional_0023 0.3s  'a close up of a green button with a bell on it'
[24/298] functional_0024 0.3s  'a close up of a blue speaker with a white background'
[25/298] functional_0025 0.35s  'a close up of a red button with a magnifying glass'
[26/298] functional_0026 0.34s  'a close up of a red square with a magnifying glass'
[27/298] functional_0027 0.35s  'a close up of a red circle with a white square in the middle'
[28/298] functional_0028 0.34s  'a close up of a red and white square with a link symbol'
[29/298] functional_0029 0.31s  'a close up of a green star on a white background'
[30/298] functional_0030 0.3s  'a close up of a white arrow on a black background'
[31/298] functional_0031 0.36s  'a close up of a red and white icon of a trash can'
[32/298] functional_0032 0.31s  'a close up of a play button on a white background'
[33/298] functional_0033 0.3s  'a close up of a brown button with a white stripe'
[34/298] functional_0034 0.29s  'a close up of a purple square with a white arrow'
[35/298] functional_0035 0.35s  'a close up of a green circle with a white icon of a battery'
[36/298] functional_0036 0.32s  'a close up of a white arrow on a black background'
[37/298] functional_0037 0.3s  'a close up of a green ribbon on a white background'
[38/298] functional_0038 0.29s  'there is a star shaped object with a shadow on it'
[39/298] functional_0039 0.29s  'a close up of a heart in a blue circle'
[40/298] functional_0040 0.32s  'a close up of a shopping cart with the words add to cart'
[41/298] functional_0041 0.31s  'a close up of a red button with a white arrow'
[42/298] functional_0042 0.31s  'a pink button with the words add a new list on it'
[43/298] functional_0043 0.32s  'a close up of a pink sign with a black and white logo'
[44/298] functional_0044 0.26s  'send message button with purple background'
[45/298] functional_0045 0.32s  'a close up of a green sign with a book a viewing icon'
[46/298] functional_0046 0.32s  'a close up of a blue sign with a white arrow'
[47/298] functional_0047 0.31s  'a close up of a blue sign with a clock on it'
[48/298] functional_0048 0.31s  'a close up of a blue and white sign with a phone'
[49/298] functional_0049 0.33s  'a red sign with a padlock on it that says continue to payment'
[50/298] functional_0050 0.33s  'a close up of a green and white sign with a white background'
[51/298] functional_0051 0.25s  'foxglove studio logo'
[52/298] functional_0052 0.28s  'tidewater bank logo on a white background'
[53/298] functional_0053 0.3s  'a close up of a logo with a circle on it'
[54/298] functional_0054 0.32s  'a close up of a green and white logo with a white background'
[55/298] functional_0055 0.33s  'a close up of a red and white logo with a white background'
[56/298] functional_0056 0.32s  'a close up of a logo for bramble grocers'
[57/298] functional_0057 0.34s  'a close up of a red and white logo with a white background'
[58/298] functional_0058 0.33s  'a close up of a blue sign with a white and blue logo'
[59/298] functional_0059 0.35s  'a close up of a black and white logo with a white circle'
[60/298] functional_0060 0.31s  'a close up of a green sign with a white text'
[61/298] functional_0061 0.35s  'a close up of a sign with a red background and a white background'
[62/298] functional_0062 0.3s  'a yellow payfast sign with a black and white logo'
[63/298] functional_0063 0.32s  'a close up of a button with a white and black logo'
[64/298] functional_0064 0.3s  'a purple and white sign with a white logo on it'
[65/298] functional_0065 0.3s  'a close up of a blue sign with a white logo'
[66/298] informative_0001 0.3s  'a close up of a yellow sun on a white background'
[67/298] informative_0002 0.28s  'there is a cloud that is shaped like a cloud'
[68/298] informative_0003 0.29s  'there is a cloud with rain coming out of it'
[69/298] informative_0004 0.29s  'there is a cloud with three blue dots on it'
[70/298] informative_0005 0.3s  'there is a cloud with a lightning bolt coming out of it'
[71/298] informative_0006 0.31s  'there is a cloud with a sun in the middle of it'
[72/298] informative_0007 0.33s  'there is a picture of a logo with a letter e on it'
[73/298] informative_0008 0.33s  'there is a cloud that is sitting on top of a table'
[74/298] informative_0009 0.3s  'five stars are placed in a row on a white background'
[75/298] informative_0010 0.3s  'five stars are arranged in a row on a white background'
[76/298] informative_0011 0.31s  'three stars are placed in a row on a white background'
[77/298] informative_0012 0.31s  'three stars are shown in a row with one star in the middle'
[78/298] informative_0013 0.31s  'there are five stars that are placed in a row'
[79/298] informative_0014 0.3s  'three stars are placed in a row on a white background'
[80/298] informative_0015 0.32s  'a close up of a circle with a purple arrow on it'
[81/298] informative_0016 0.33s  'a close up of a circle with a percentage sign in the middle'
[82/298] informative_0017 0.33s  'a close up of a circle with a percentage sign in the middle'
[83/298] informative_0018 0.32s  'a close up of a circle with a percentage of 75 %'
[84/298] informative_0019 0.59s  'a close up of a red circle with a white background and a red and white circle wi'
[85/298] informative_0020 0.39s  'a close up of a sign on a white background with a no entry sign'
[86/298] informative_0021 0.32s  'a close up of a green check mark on a white background'
[87/298] informative_0022 0.33s  'a close up of a red and white cross sign on a white background'
[88/298] informative_0023 0.27s  'clock icon with orange circle on white background'
[89/298] informative_0024 0.33s  'there is a green truck with a black top on a white background'
[90/298] informative_0025 0.32s  'a close up of a green padlock on a white background'
[91/298] informative_0026 0.33s  'a close up of a green circle with the word jd in it'
[92/298] informative_0027 0.33s  'a close up of a white and blue logo with the word ra'
[93/298] informative_0028 0.33s  'a close up of a green circle with a white mark on it'
[94/298] informative_0029 0.33s  'a close up of a red stop sign with a white outline'
[95/298] informative_0030 0.33s  'a close up of a red circle with the letter ls in it'
[96/298] informative_0031 0.32s  'a close up of a flag of italy on a white background'
[97/298] informative_0032 0.33s  'a flag of germany with a black, yellow and red stripe'
[98/298] informative_0033 0.32s  'a close up of a flag with a white and red stripe'
[99/298] informative_0034 0.31s  'flag of france with a white, red, and blue stripe'
[100/298] informative_0035 0.34s  'a close up of a flag with a white stripe on it'
[101/298] informative_0036 0.3s  'flag of ireland with white, green and orange stripes'
[102/298] informative_0037 0.31s  'a close up of a flag with a yellow and blue stripe'
[103/298] informative_0038 0.3s  'a close up of a flag with a white background'
[104/298] informative_0039 0.3s  'there is a red cup with a handle on it'
[105/298] informative_0040 0.29s  'purple cube with a line in the middle of it'
[106/298] informative_0041 0.32s  'a close up of a book with a white line on it'
[107/298] informative_0042 0.31s  'a close up of a bottle of liquid with a green label'
[108/298] informative_0043 0.34s  'a close up of a green t - shirt on a white background'
[109/298] informative_0044 0.32s  'there is a red lamp that is on a metal pole'
[110/298] informative_0045 0.29s  'purple flower in a pot on a white background'
[111/298] informative_0046 0.31s  'there is a pink cell phone with a white screen on it'
[112/298] informative_0047 0.3s  'there is a green chair with a black seat on it'
[113/298] informative_0048 0.34s  'a close up of a camera with a purple lens on a white background'
[114/298] informative_0049 0.36s  'a blue line with a red pin on it that is going up a graph'
[115/298] informative_0050 0.33s  'a close up of a line graph with a pin on it'
[116/298] informative_0051 0.32s  'a picture illustration of a line graph with a pin on it'
[117/298] informative_0052 0.32s  'a close up of a red line with a pin on it'
[118/298] informative_0053 0.29s  'a blue and red dotted line with a pin on it'
[119/298] informative_0054 0.3s  'illustration of a house with a sun in the background'
[120/298] informative_0055 0.33s  'a close up of a tree with a full moon in the background'
[121/298] informative_0056 0.35s  'there is a picture of a mountain with a sun in the background'
[122/298] informative_0057 0.34s  'there is a sailboat floating in the ocean on a sunny day'
[123/298] informative_0058 0.33s  'night city skyline with skyscrapers and full moon in the sky'
[124/298] informative_0059 0.31s  'there is a bonfire with a fire in the middle of it'
[125/298] informative_0060 0.35s  'a close up of a train on a track on a blue background'
[126/298] decorative_0001 0.34s  'there is a picture of a clock that is on a white wall'
[127/298] decorative_0002 0.33s  'there is a white wall with a line of lines on it'
[128/298] decorative_0003 0.34s  'there is a white and blue picture of a man riding a skateboard'
[129/298] decorative_0004 0.35s  'there is a picture of a man riding a skateboard on a ramp'
[130/298] decorative_0005 0.36s  'there is a white background with a black and white picture of a cat'
[131/298] decorative_0006 0.34s  'there is a picture of a line with a blue dot on it'
[132/298] decorative_0007 0.34s  'there is a picture of a clock that is on a white wall'
[133/298] decorative_0008 0.34s  'there is a white and blue picture of a man riding a skateboard'
[134/298] decorative_0009 0.37s  'there is a plane that is flying in the sky with a line of lines'
[135/298] decorative_0010 0.34s  'there is a white background with a small white object in the middle'
[136/298] decorative_0011 0.34s  'a close up of a white wall with a clock and a line'
[137/298] decorative_0012 0.32s  'a close up of a red thread with a needle in it'
[138/298] decorative_0013 0.31s  'a close up of a red brush with a white background'
[139/298] decorative_0014 0.3s  'a close up of a red wave on a white background'
[140/298] decorative_0015 0.32s  'a close up of a toothbrush with a long brown hair'
[141/298] decorative_0016 0.31s  'there is a red brush that is flying through the air'
[142/298] decorative_0017 0.32s  'there is a red wave of smoke coming out of a white background'
[143/298] decorative_0018 0.33s  'arafed red thread with a red thread in the middle'
[144/298] decorative_0019 0.3s  'there is a long curved object with a black handle'
[145/298] decorative_0020 0.3s  'there is a green wave of liquid on a white background'
[146/298] decorative_0021 0.34s  'there is a picture of a circular object with a brown and green color'
[147/298] decorative_0022 0.38s  'there is a pink circle with a white background and a red circle with a white bac'
[148/298] decorative_0023 0.34s  'there is a blue and green circular object with a white background'
[149/298] decorative_0024 0.34s  'a close up of a purple and blue circle with a white background'
[150/298] decorative_0025 0.32s  'there is a green and pink circle with a white background'
[151/298] decorative_0026 0.3s  'there is a red and purple object with a white background'
[152/298] decorative_0027 0.31s  'a close up of a blue circle with a white background'
[153/298] decorative_0028 0.28s  'purple and blue oval object with a white background'
[154/298] decorative_0029 0.33s  'there is a red circle with a white background and a black cat'
[155/298] decorative_0030 0.36s  'a close up of a white and orange logo with a brown border'
[156/298] decorative_0031 0.33s  'a close up of a brown and white logo with a ball'
[157/298] decorative_0032 0.34s  'there is a brown and white picture of a corner with a brown dot'
[158/298] decorative_0033 0.37s  'there is a picture of a brown and white logo with a brown circle'
[159/298] decorative_0034 0.35s  'there is a brown and white picture of a corner with a brown dot'
[160/298] decorative_0035 0.34s  'there is a brown and white logo with a brown and white design'
[161/298] decorative_0036 0.34s  'a close up of a white and brown dotted background with circles'
[162/298] decorative_0037 0.34s  'a close up of a white and green striped background with a line of lines'
[163/298] decorative_0038 0.33s  'there is a white and blue pattern with circles on it'
[164/298] decorative_0039 0.33s  'a close up of a white and gray diagonal background with a line'
[165/298] decorative_0040 0.31s  'a white and gray background with a pattern of circles'
[166/298] decorative_0041 0.33s  'a close up of a group of toothbrushes on a white surface'
[167/298] decorative_0042 0.36s  'there is a white and blue dotted background with a small dot pattern'
[168/298] decorative_0043 0.32s  'a close up of a striped pattern with a white background'
[169/298] decorative_0044 0.34s  'there is a man riding a snowboard on a snowy slope'
[170/298] decorative_0045 0.3s  'a close up of a white background with a gray wave'
[171/298] decorative_0046 0.37s  'there is a snowboarder riding down a snowy hill with a mountain in the backgroun'
[172/298] decorative_0047 0.32s  'a close up of a white background with a gray wave'
[173/298] decorative_0048 0.36s  'there is a snowboarder riding down a snowy hill with a blue sky'
[174/298] decorative_0049 0.38s  'a close up of a white and green chevroned pattern on a white background'
[175/298] decorative_0050 0.38s  'there is a snowboarder riding down a snowy hill with a mountain in the backgroun'
[176/298] decorative_0051 0.38s  'a close up of a white and blue chevroned pattern on a white background'
[177/298] decorative_0052 0.33s  'a close up of a green circle on a white background'
[178/298] decorative_0053 0.33s  'there is a red square on a white background with a red diamond'
[179/298] decorative_0054 0.32s  'there is a picture of a red circle on a white background'
[180/298] decorative_0055 0.37s  "a close up of a video player ' s play button on a white background"
[181/298] decorative_0056 0.33s  'there is a red dot in the middle of a white background'
[182/298] decorative_0057 0.31s  'a close up of a red diamond on a white background'
[183/298] decorative_0058 0.33s  'there is a blue circle on a white background with a black border'
[184/298] decorative_0059 0.37s  "a close up of a video player ' s play button on a white background"
[185/298] image_of_text_0001 0.31s  'a close up of a red text on a white background'
[186/298] image_of_text_0002 0.32s  'a close up of a white background with a black and white logo'
[187/298] image_of_text_0003 0.34s  'a close up of a white sign with a black and white logo'
[188/298] image_of_text_0004 0.31s  'a close up of a sign that says lumen health'
[189/298] image_of_text_0005 0.27s  'tidewater bank logo with a white background'
[190/298] image_of_text_0006 0.32s  'a close up of a red text that reads foxglove studio'
[191/298] image_of_text_0007 0.35s  'a close up of a red and white logo with the word copperline'
[192/298] image_of_text_0008 0.38s  'a close up of a white background with a brown text that says halcyon travel'
[193/298] image_of_text_0009 0.4s  'a close up of a red and white sign with the words bramble grocers'
[194/298] image_of_text_0010 0.35s  'a close up of a red and white sign that says quilt and sable'
[195/298] image_of_text_0011 0.36s  'a close up of a sign with a blue background and a green background'
[196/298] image_of_text_0012 0.34s  'a green and white banner with the words free shipping over 50'
[197/298] image_of_text_0013 0.37s  'a close up of a blue and green background with a text saying buy one get one fre'
[198/298] image_of_text_0014 0.41s  'a close up of a red and orange background with a white text that says summer sal'
[199/298] image_of_text_0015 0.38s  'a close up of a sign with a sky background and a blue and purple background'
[200/298] image_of_text_0016 0.43s  'a close up of a purple and blue background with a text that reads members save 2'
[201/298] image_of_text_0017 0.36s  'a close up of a sign that says last days of the winter sale'
[202/298] image_of_text_0018 0.33s  'a close up of a sign with a clock on it'
[203/298] image_of_text_0019 0.43s  'a picture taken from a video of a quote about the best time to plant a tree was '
[204/298] image_of_text_0020 0.33s  'a close up of a white sheet with a quote on it'
[205/298] image_of_text_0021 0.33s  'a close up of a person holding a cell phone with a quote'
[206/298] image_of_text_0022 0.36s  'a picture of a quote on a white background with a black and white image'
[207/298] image_of_text_0023 0.33s  'a picture taken from a computer screen with a quote on it'
[208/298] image_of_text_0024 0.37s  'a close up of a quote on a white background with a picture of a clock'
[209/298] image_of_text_0025 0.39s  'a close up of a white background with a black text that says how our returns wor'
[210/298] image_of_text_0026 0.39s  'a close up of a white background with a black text that says meet the founderss'
[211/298] image_of_text_0027 0.35s  'a close up of a green and white sign with a question mark'
[212/298] image_of_text_0028 0.43s  'a close up of a white background with a red text that says what is in the box'
[213/298] image_of_text_0029 0.34s  'a close up of a blue text that reads our 2016 impact report'
[214/298] image_of_text_0030 0.34s  'a close up of a white background with a black and white text'
[215/298] image_of_text_0031 0.35s  'a close up of a picture of a line with a number on it'
[216/298] image_of_text_0032 0.34s  'arafed image of a pizza sign with a line of pizza'
[217/298] image_of_text_0033 0.34s  'there is a picture of a picture of a word written in black'
[218/298] image_of_text_0034 0.38s  'there is a picture of a picture of a clock with the time 8 00'
[219/298] image_of_text_0035 0.44s  'arafed image of a plane flying in the sky with the word phim79 written on it'
[220/298] image_of_text_0036 0.32s  'there is a picture of a sign that says javasho'
[221/298] image_of_text_0037 0.32s  'a close up of a sign with a picture of a bus'
[222/298] image_of_text_0038 0.34s  'a close up of a white sign with a black and white image'
[223/298] image_of_text_0039 0.35s  'a close up of a white sign with a black and white image'
[224/298] image_of_text_0040 0.33s  'a close up of a white sign with a black and white image'
[225/298] image_of_text_0041 0.34s  'a close up of a sign with a bunch of different numbers'
[226/298] image_of_text_0042 0.33s  'a close up of a green phone with the number twenty on it'
[227/298] image_of_text_0043 0.33s  'a close up of a phone with a number on it'
[228/298] image_of_text_0044 0.34s  'a close up of a phone with the number 555 on it'
[229/298] image_of_text_0045 0.32s  'a close up of a phone with a call on it'
[230/298] image_of_text_0046 0.32s  'arafed image of a door open sign with a pink background'
[231/298] image_of_text_0047 0.34s  'a close up of a thank card with a red and green background'
[232/298] image_of_text_0048 0.36s  'there is a blue and pink background with the words now hiring bakers'
[233/298] image_of_text_0049 0.35s  'a close up of a sign that says closed for refuriishment'
[234/298] image_of_text_0050 0.36s  'a close up of a purple and pink background with a text over it'
[235/298] image_of_text_0051 0.34s  'a close up of a sign that says join the waiting list'
[236/298] image_of_text_0052 0.33s  'a close up of a sign with a red frame and a white background'
[237/298] image_of_text_0053 0.33s  'a green and white poster with a picture of a book club'
[238/298] image_of_text_0054 0.3s  'a white sign with blue lettering that says winter market'
[239/298] image_of_text_0055 0.32s  'a close up of a sign with a picture of a horse'
[240/298] image_of_text_0056 0.33s  'a white and orange sign with a picture of a coffee tasting'
[241/298] complex_0001 0.32s  'a bar chart showing the total sales by quarter for a home'
[242/298] complex_0002 0.31s  'a chart showing the number of people who are using the internet'
[243/298] complex_0003 0.32s  'a bar chart showing the number of weekly signs in each month'
[244/298] complex_0004 0.31s  'a bar chart showing the number of people who use a floor'
[245/298] complex_0005 0.33s  'a bar chart showing the number of books that are in the library'
[246/298] complex_0006 0.31s  'a bar chart showing average delivery time for a restaurant'
[247/298] complex_0007 0.3s  'a chart showing the number of sites visited by device'
[248/298] complex_0008 0.31s  'a graph showing the number of people in the rain by month'
[249/298] complex_0009 0.28s  'a graph showing the number of volunteers by branch'
[250/298] complex_0010 0.31s  'a bar chart showing the number of errors in a computer'
[251/298] complex_0011 0.3s  'a chart showing the number of people who use a floor'
[252/298] complex_0012 0.33s  'arafed bar chart showing the number of books followed by genre'
[253/298] complex_0013 0.32s  'a chart showing the average delivery time for a food delivery'
[254/298] complex_0014 0.35s  'arafed bar chart showing the number of sites visited by device'
[255/298] complex_0015 0.33s  'a chart showing the number of people who are in the rain'
[256/298] complex_0016 0.34s  'a close up of a bar chart with a number of people on it'
[257/298] complex_0017 0.34s  'a graph showing the total sales by quarter of the house'
[258/298] complex_0018 0.32s  'a graph showing the number of people who are using the channel'
[259/298] complex_0019 0.31s  'a line graph showing the average weekly signups for the month'
[260/298] complex_0020 0.31s  'a line graph showing the average energy use by floor'
[261/298] complex_0021 0.3s  'a line graph showing the number of books borrowed by genre'
[262/298] complex_0022 0.3s  'a graph showing the average delivery time for a restaurant'
[263/298] complex_0023 0.34s  'a chart of a pie chart with a pie chart of a mobile device'
[264/298] complex_0024 0.35s  'a pie chart of the month showing the percentage of rainfall by month'
[265/298] complex_0025 0.37s  'a pie chart of a pie chart with a bunch of different types of people'
[266/298] complex_0026 0.33s  'a pie chart with a pie chart of errors and errors'
[267/298] complex_0027 0.33s  'a chart of a pie chart with a pie chart of a pie chart'
[268/298] complex_0028 0.33s  'a chart of pie chart with a pie chart of the day'
[269/298] complex_0029 0.34s  'a pie chart of a pie chart with a pie chart of repair completed'
[270/298] complex_0030 0.35s  'a pie chart of the percentage of newspapers that are currently in the news'
[271/298] complex_0031 0.32s  'a graph showing the number of errors in a phone'
[272/298] complex_0032 0.34s  'a chart showing the number of people who are using the phone'
[273/298] complex_0033 0.3s  'a bar chart showing the number of cups served per day'
[274/298] complex_0034 0.32s  'a chart showing the number of repairs completed by a company'
[275/298] complex_0035 0.33s  'a bar chart showing the number of news and news on the internet'
[276/298] complex_0036 0.32s  'a chart showing the number of people who are using their phones'
[277/298] complex_0037 0.33s  'a close up of a table with a number of signs on it'
[278/298] complex_0038 0.38s  'a close up of a table with a number of different types of flooring'
[279/298] complex_0039 0.32s  'a table with a number of books and a number of books'
[280/298] complex_0040 0.31s  'a table with a number of hours and hours of delivery'
[281/298] complex_0041 0.3s  'a table with a number of different devices on it'
[282/298] complex_0042 0.33s  'a close up of a table with a number of different items'
[283/298] complex_0043 0.27s  'a diagram of how a return works'
[284/298] complex_0044 0.28s  'a diagram of a flow of information from a website'
[285/298] complex_0045 0.29s  'a diagram of a ticket ticket and a ticket ticket'
[286/298] complex_0046 0.28s  'a diagram of a process of ordering a product'
[287/298] complex_0047 0.29s  'a diagram of a sign up and sign up process'
[288/298] complex_0048 0.32s  'a diagram of a process of repair and maintenance of a computer'
[289/298] complex_0049 0.32s  'a diagram of a store team tree with the names of the customers'
[290/298] complex_0050 0.31s  'a diagram of a structure with different types of items'
[291/298] complex_0051 0.35s  "a diagram of a library staff ' s hierarchy with several levels of information"
[292/298] complex_0052 0.32s  'a diagram of a kitchen roles and the names of the roles'
[293/298] complex_0053 0.31s  'a diagram of a team lead tree with two tiers'
[294/298] complex_0054 0.31s  'a line graph showing the number of companies that are selling their products'
[295/298] complex_0055 0.33s  'a line graph showing the number of project phases in the past'
[296/298] complex_0056 0.28s  'a line graph showing the history of the building'
[297/298] complex_0057 0.31s  'a line graph showing the history of the release of the software'
[298/298] complex_0058 0.29s  'a line graph showing the time of the grant timeline'
wrote results/raw/Salesforce__blip-image-captioning-large__caption.json: 298 outputs, mean 0.33s/image over 298 new items
Warning: You are sending unauthenticated requests to the HF Hub. Please set a HF_TOKEN to enable higher rate limits and faster downloads.
Qwen/Qwen2-VL-2B-Instruct / naive: 298 items to run, 0 already done
Loading weights:   0%|          | 0/729 [00:00<?, ?it/s]Loading weights:  28%|██▊       | 207/729 [00:00<00:00, 2055.34it/s]Loading weights:  74%|███████▍  | 538/729 [00:00<00:00, 2752.64it/s]Loading weights: 100%|██████████| 729/729 [00:00<00:00, 1787.60it/s]
loaded on mps in 6.0s
[1/298] functional_0001 0.84s  'A green oval button with a white envelope icon in the center.'
[2/298] functional_0002 1.09s  'The image depicts a blue square with an arrow pointing upwards, which is commonl'
[3/298] functional_0003 0.56s  'A red phone icon on a white background.'
[4/298] functional_0004 0.78s  'A blue line icon of a house.'
[5/298] functional_0005 0.59s  'A blue speech bubble icon with a white background.'
[6/298] functional_0006 1.06s  'The image shows a dark blue rectangular shape with a white arrow pointing to the'
[7/298] functional_0007 0.77s  'A blue square with a white outline, featuring a person icon inside.'
[8/298] functional_0008 2.2s  'The image shows a simple, minimalist icon with a left-pointing arrow. The arrow '
[9/298] functional_0009 2.08s  'The image depicts a green oval shape with a white heart inside it. The heart is '
[10/298] functional_0010 0.71s  'A blue icon of a shopping cart on a white background.'
[11/298] functional_0011 0.65s  'A purple circle with a white bookmark icon inside it.'
[12/298] functional_0012 2.0s  'The image shows a red "X" in a white square, which is commonly used to indicate '
[13/298] functional_0013 0.56s  'A blue and white icon of a printer.'
[14/298] functional_0014 0.86s  'A dark blue computer mousepad with a white lock icon in the center.'
[15/298] functional_0015 0.84s  'A blue icon of a funnel with a stream of data flowing through it.'
[16/298] functional_0016 0.57s  'A red download icon on a pink background.'
[17/298] functional_0017 1.62s  'The image depicts a pink, circular icon with a white outline. The icon resembles'
[18/298] functional_0018 0.66s  'A pink square icon with a question mark inside it.'
[19/298] functional_0019 1.05s  'The image shows a red circular button with a white line in the center, resemblin'
[20/298] functional_0020 1.14s  'A line drawing of a gear with a wrench or screwdriver icon, representing the con'
[21/298] functional_0021 1.1s  'A white and red icon of a pencil with a checkmark, representing the ability to w'
[22/298] functional_0022 0.72s  'The image shows a white plus sign on a black background.'
[23/298] functional_0023 0.51s  'A green and white bell icon.'
[24/298] functional_0024 1.47s  'The image shows a blue square with a white cross inside it. The cross is placed '
[25/298] functional_0025 0.85s  'A red, rounded, rectangular button with a white search icon in the center.'
[26/298] functional_0026 0.69s  'A red square icon with a white plus sign inside it.'
[27/298] functional_0027 2.75s  'The image depicts a simple icon representing the concept of "split screen" or "s'
[28/298] functional_0028 1.12s  'A red square with a white border contains a red icon of three interconnected cir'
[29/298] functional_0029 0.43s  'A green star icon.'
[30/298] functional_0030 0.75s  'A computer mouse with a white "upload" icon on it.'
[31/298] functional_0031 0.34s  'Trash can icon.'
[32/298] functional_0032 0.68s  'A purple play button icon on a light purple background.'
[33/298] functional_0033 1.08s  'The image shows a brown oval button with a white "Pause" icon in the center.'
[34/298] functional_0034 1.03s  'A purple icon with a white square and a white circle inside, representing a refr'
[35/298] functional_0035 0.63s  'A green circle with a white calendar icon inside it.'
[36/298] functional_0036 1.01s  'A dark blue icon with a white up arrow, representing the action of uploading or '
[37/298] functional_0037 0.63s  'A green bookmark icon on a light blue background.'
[38/298] functional_0038 0.76s  'A small, brown, star-shaped object.'
[39/298] functional_0039 0.55s  'A blue circle with a heart inside it.'
[40/298] functional_0040 1.14s  'A light purple button with a shopping cart icon and the text "Add to cart" on a '
[41/298] functional_0041 0.43s  'Download the report'
[42/298] functional_0042 0.38s  'Add a new list'
[43/298] functional_0043 0.28s  'Delete account'
[44/298] functional_0044 0.3s  'Send message'
[45/298] functional_0045 0.32s  'Book a viewing'
[46/298] functional_0046 0.28s  'Upload photos'
[47/298] functional_0047 2.24s  'The image shows a blue button with the text "Try again" written on it. The butto'
[48/298] functional_0048 0.37s  'Print this invoice'
[49/298] functional_0049 1.12s  'The image shows a red button with a white icon of a lock and the text "Continue '
[50/298] functional_0050 1.07s  'The text "Northwind Tea" is displayed in a green font on a white background.'
[51/298] functional_0051 2.46s  'The logo for "Foxglove Studio" features a brown square with a white border. The '
[52/298] functional_0052 0.39s  'Tidewater Bank'
[53/298] functional_0053 1.65s  'The logo for Copperline is a dark blue circle with a white dot inside it. The te'
[54/298] functional_0054 0.33s  'Lumen Health'
[55/298] functional_0055 0.52s  'Halcyon Travel'
[56/298] functional_0056 1.71s  'The logo for Bramble Grocers features a blue circle with a white dot inside it. '
[57/298] functional_0057 1.51s  'The logo for Quill & Sable, which is a company that provides a range of services'
[58/298] functional_0058 1.33s  'A blue button with a white "N" in the center and the text "Continue with Nimbus"'
[59/298] functional_0059 0.48s  '"Continue with Orbit"'
[60/298] functional_0060 2.59s  'The image contains a green rectangular button with a white "K" in the center. Th'
[61/298] functional_0061 0.4s  'Continue with Vertex'
[62/298] functional_0062 0.27s  'PayFast'
[63/298] functional_0063 2.74s  'SwiftPay is a payment gateway that allows businesses to accept payments from cus'
[64/298] functional_0064 0.41s  '"Mesa Wallet"'
[65/298] functional_0065 1.85s  'The image shows a blue button with the text "Harbour Pay" written on it. The but'
[66/298] informative_0001 2.78s  'The image shows a simple, flat design icon of a sun. The sun is depicted in a br'
[67/298] informative_0002 0.61s  'A simple, flat icon of a cloud.'
[68/298] informative_0003 0.76s  'A simple icon representing a rain cloud with raindrops falling from it.'
[69/298] informative_0004 1.17s  'A small, gray cloud with a few blue dots falling from it, against a light pink b'
[70/298] informative_0005 0.92s  'A light grey cloud with a yellow lightning bolt coming out of it.'
[71/298] informative_0006 0.73s  'A simple, flat icon of a sun and a cloud.'
[72/298] informative_0007 2.84s  'The image features a simple, minimalist design with a blue and white color schem'
[73/298] informative_0008 0.84s  'A cloud icon with a blue background and a white outline.'
[74/298] informative_0009 0.68s  'A set of five black stars arranged in a horizontal line.'
[75/298] informative_0010 0.85s  'A set of five star ratings, with the fifth star being a silver color.'
[76/298] informative_0011 0.77s  'Three stars with a yellow background and one star with a gray background.'
[77/298] informative_0012 0.29s  'Rating stars.'
[78/298] informative_0013 0.8s  'The image shows a five-star rating system with one star highlighted in black.'
[79/298] informative_0014 1.06s  'A set of five stars, with the fifth star being gray, representing a rating of on'
[80/298] informative_0015 0.89s  'A circular progress bar with a purple fill, indicating 25% completion.'
[81/298] informative_0016 2.01s  'The image shows a circular progress bar with a 40% filled section. The bar is gr'
[82/298] informative_0017 1.88s  'The image shows a circular progress bar with 60% filled. The background is white'
[83/298] informative_0018 2.91s  'The image shows a circular progress bar with 75% filled in. The bar is divided i'
[84/298] informative_0019 1.88s  'The image shows a red and white circular progress bar with 90% filled. The backg'
[85/298] informative_0020 2.11s  'The image shows a white circle with a red line through it, which is commonly use'
[86/298] informative_0021 0.67s  'A green circle with a checkmark inside it.'
[87/298] informative_0022 1.39s  'The image shows a red circle with a white cross inside it. The cross is a univer'
[88/298] informative_0023 1.96s  'A simple, minimalist icon of a clock with a white background and a light gray bo'
[89/298] informative_0024 0.57s  'A green truck icon on a white background.'
[90/298] informative_0025 0.68s  'A green icon of a padlock on a white background.'
[91/298] informative_0026 0.85s  'The image shows a green circle with the letters "JD" in white text.'
[92/298] informative_0027 1.83s  'The image shows a white circle with the letters "RA" written inside it. The back'
[93/298] informative_0028 0.21s  'MK'
[94/298] informative_0029 0.9s  'The image shows a red circle with the word "TO" written inside it.'
[95/298] informative_0030 1.82s  'The image features a circular icon with a brown background and a white border. I'
[96/298] informative_0031 2.81s  'The image displays a flag with the colors red, white, and green, commonly associ'
[97/298] informative_0032 1.33s  'The image displays a flag with three horizontal stripes: the top and bottom stri'
[98/298] informative_0033 0.93s  'The image depicts a flag with two horizontal stripes, one red and one white.'
[99/298] informative_0034 1.78s  'The image displays a flag with three horizontal stripes: the top and bottom stri'
[100/298] informative_0035 0.79s  'Austria flag with red and white stripes.'
[101/298] informative_0036 3.25s  'The image displays a flag with three horizontal stripes of green, white, and ora'
[102/298] informative_0037 3.42s  'The image depicts a flag with two horizontal stripes: one yellow and the other b'
[103/298] informative_0038 3.74s  'The image displays a flag with three horizontal stripes: red, white, and blue. T'
[104/298] informative_0039 1.46s  'A red, cylindrical mug with a handle on the right side.'
[105/298] informative_0040 1.26s  'A purple envelope with a white background.'
[106/298] informative_0041 1.02s  'Book icon. Simple element illustration.'
[107/298] informative_0042 1.85s  'A green bottle with a white stripe on the front, sitting on a white background.'
[108/298] informative_0043 1.39s  'A green t-shirt with a white background.'
[109/298] informative_0044 2.67s  'A simple, flat design illustration of a table lamp. The lamp has a red shade and'
[110/298] informative_0045 1.22s  'A purple potted plant with brown leaves sits on a white background.'
[111/298] informative_0046 1.36s  'A pink smartphone with a blank screen, isolated on a white background.'
[112/298] informative_0047 0.68s  'A green chair with four legs.'
[113/298] informative_0048 1.89s  'A purple camera icon with a black strap and a white background.'
[114/298] informative_0049 2.83s  'A graphical representation of a route with two markers, one red and one blue, in'
[115/298] informative_0050 1.55s  'A dashed line with two red markers representing a route or path.'
[116/298] informative_0051 2.29s  'A line connecting two red location markers with a purple dashed line, indicating'
[117/298] informative_0052 1.64s  'A red dashed line with two red markers at the ends, representing a route or path'
[118/298] informative_0053 2.94s  'A graphical representation of a route with two markers, one red and one blue, in'
[119/298] informative_0054 2.82s  'A simple, minimalist illustration of a house with a brown roof and door, set aga'
[120/298] informative_0055 3.74s  'A cartoon illustration of a tree with green leaves and a full moon in the backgr'
[121/298] informative_0056 4.03s  'A minimalist landscape illustration featuring a mountain range with a prominent '
[122/298] informative_0057 2.51s  'A simple, flat illustration of a sailboat on the water. The boat is brown with a'
[123/298] informative_0058 3.76s  'A nighttime cityscape with a full moon in the sky. The buildings are illuminated'
[124/298] informative_0059 2.54s  'A cartoon illustration of a small, orange tent pitched on a stick, set against a'
[125/298] informative_0060 2.19s  'A bridge with two arches, supported by pillars, spanning a body of water.'
[126/298] decorative_0001 1.39s  'The image contains a single orange dot on a white background.'
[127/298] decorative_0002 1.21s  'The image shows a white diamond with a blue background.'
[128/298] decorative_0003 0.77s  'The image shows a horizontal line of text.'
[129/298] decorative_0004 2.83s  'The image shows a series of horizontal lines, each line being a single pixel wid'
[130/298] decorative_0005 2.4s  'The image shows a horizontal line of text that reads "(10,10),(990,990)."'
[131/298] decorative_0006 1.21s  'The image shows a horizontal line with a small dot at the end.'
[132/298] decorative_0007 1.33s  'A diamond-shaped design with a peach-colored line running through it.'
[133/298] decorative_0008 1.27s  'The image shows a horizontal line of text.'
[134/298] decorative_0009 1.31s  'The image shows a horizontal line with a dashed pattern.'
[135/298] decorative_0010 0.98s  'The image shows a horizontal blue line.'
[136/298] decorative_0011 1.08s  'A horizontal line with a small dot at the end.'
[137/298] decorative_0012 2.57s  'A simple, curved line with a small dot at the beginning and a small dot at the e'
[138/298] decorative_0013 1.14s  'A red, wavy line with a small dot at the end.'
[139/298] decorative_0014 1.38s  'A horizontal line with a wavy, glowing pink line running through it.'
[140/298] decorative_0015 2.11s  'A wavy, brown, string-like object with two ends, one at the top and one at the b'
[141/298] decorative_0016 1.58s  'A red, curved line with a small dot at the end on a white background.'
[142/298] decorative_0017 1.54s  'A curved line with a small dot at the end, resembling a wave or a ribbon.'
[143/298] decorative_0018 0.93s  'A red, wavy line on a white background.'
[144/298] decorative_0019 2.1s  'A purple, wavy line with two small dots at the ends, creating a simple, abstract'
[145/298] decorative_0020 1.47s  'A green, wavy line with a small green dot at the end.'
[146/298] decorative_0021 3.38s  'A gradient-colored oval shape with a gradient from light green at the top to a d'
[147/298] decorative_0022 0.9s  'A pink and purple gradient oval shape on a white background.'
[148/298] decorative_0023 1.6s  'A blurred, soft-focused image of a green and blue gradient oval shape on a white'
[149/298] decorative_0024 1.62s  'A gradient-colored abstract shape with a gradient from purple to light blue.'
[150/298] decorative_0025 3.39s  'The image is an oval shape with a gradient coloration. The top part of the oval '
[151/298] decorative_0026 1.81s  'A blurred, abstract image of a pink and purple gradient shape on a white backgro'
[152/298] decorative_0027 2.04s  'A blue and green gradient circle with a light blue background.'
[153/298] decorative_0028 0.99s  'A gradient of purple shades on a white background.'
[154/298] decorative_0029 1.86s  'A blurred, circular shape with a gradient from a lighter orange at the top to a '
[155/298] decorative_0030 2.54s  'A simple geometric shape, likely a corner or a corner of a room, with a small do'
[156/298] decorative_0031 1.67s  'A geometric design featuring a brown and gold color scheme, consisting of a curv'
[157/298] decorative_0032 1.29s  'A brown and white graphic of a corner with a small white dot in the middle.'
[158/298] decorative_0033 3.66s  'The image depicts a simple geometric shape consisting of two lines forming a rig'
[159/298] decorative_0034 1.38s  'A brown and white graphic of a corner with a small white dot in the middle.'
[160/298] decorative_0035 2.02s  'A stylized image of a ball on a curved surface, with a small dot representing th'
[161/298] decorative_0036 1.59s  'A light beige background with a repeating pattern of small, round, beige dots.'
[162/298] decorative_0037 0.7s  'The image features a light green diagonal stripe pattern.'
[163/298] decorative_0038 1.34s  'A white and gray abstract pattern with a grid of small circles and dots.'
[164/298] decorative_0039 1.28s  'A white background with diagonal lines in shades of gray.'
[165/298] decorative_0040 1.88s  'A light blue and white abstract pattern featuring small, round shapes that creat'
[166/298] decorative_0041 1.09s  'A horizontal line of diagonal lines in a light brown color, creating a diagonal '
[167/298] decorative_0042 1.3s  'A white background with a pattern of small, light blue dots arranged in a grid.'
[168/298] decorative_0043 1.44s  'A horizontal stripe pattern with alternating light and dark beige lines.'
[169/298] decorative_0044 1.67s  'The image is a placeholder with a light blue gradient background featuring a sub'
[170/298] decorative_0045 1.16s  'A zigzag pattern in a light gray color.'
[171/298] decorative_0046 3.61s  'A horizontal banner with a soft, pastel-colored wave design. The wave is light p'
[172/298] decorative_0047 1.52s  'A zigzag pattern in grey color.'
[173/298] decorative_0048 1.48s  'A light blue wave pattern on a white background.'
[174/298] decorative_0049 1.7s  'The image shows a series of zigzag lines in a light green color against a white '
[175/298] decorative_0050 1.72s  'A light purple wave or ripple effect design on a white background.'
[176/298] decorative_0051 3.39s  'The image shows a series of horizontal lines arranged in a zigzag pattern. The l'
[177/298] decorative_0052 0.64s  'A green circle with a white border.'
[178/298] decorative_0053 0.93s  'A red square with a diagonal line through it, representing a diagonal line.'
[179/298] decorative_0054 1.23s  'A red and white checkered flag with a white circle in the middle.'
[180/298] decorative_0055 0.63s  'play button icon.'
[181/298] decorative_0056 0.86s  'A bright orange circle with a white border.'
[182/298] decorative_0057 0.64s  'A red diamond-shaped object on a white background.'
[183/298] decorative_0058 0.5s  'A blue circle with a white background.'
[184/298] decorative_0059 3.58s  'The image shows a simple, minimalist design with a white background. The central'
[185/298] image_of_text_0001 1.29s  'KESTREL BOOKS'
[186/298] image_of_text_0002 4.25s  'The logo for Northwind Tea features the text "Northwind Tea" in a modern, sans-s'
[187/298] image_of_text_0003 4.3s  'The text "MARROW & CO" is displayed in a modern, sans-serif font. The font is cl'
[188/298] image_of_text_0004 0.92s  'Lumen Health'
[189/298] image_of_text_0005 0.67s  'TIDEWATER BANK'
[190/298] image_of_text_0006 2.19s  'The text "FOXGLOVE STUDIO" is displayed in a red font on a light beige backgroun'
[191/298] image_of_text_0007 1.77s  'The text "Copperline" is written in a pink font.'
[192/298] image_of_text_0008 0.56s  'Halcyon Travel'
[193/298] image_of_text_0009 1.03s  '"Bramble Grocers"'
[194/298] image_of_text_0010 1.52s  'The text "QUILL & SABLE" is displayed in a red font on a white background.'
[195/298] image_of_text_0011 2.9s  'The text "50% OFF this weekend" is displayed on a gradient background that trans'
[196/298] image_of_text_0012 1.28s  'Free shipping over 50'
[197/298] image_of_text_0013 1.38s  '"Buy one get one free"'
[198/298] image_of_text_0014 0.96s  'Summer sale starts Friday'
[199/298] image_of_text_0015 1.4s  'New arrivals every Thursday'
[200/298] image_of_text_0016 1.36s  'Members save 20% today.'
[201/298] image_of_text_0017 1.66s  '"Last 3 days of the winter sale"'
[202/298] image_of_text_0018 1.03s  'Order by 6pm for next day delivery'
[203/298] image_of_text_0019 2.17s  'The best time to plant a tree was twenty years ago.'
[204/298] image_of_text_0020 2.22s  '"We shape our buildings, and afterwards our buildings shape us."'
[205/298] image_of_text_0021 3.7s  'The quote "Simplicity is a great virtue but it requires hard work." by E. Dijkst'
[206/298] image_of_text_0022 5.01s  'The quote "A change of perspective is worth 80 IQ points" by A. Kay is a reminde'
[207/298] image_of_text_0023 4.71s  'The quote "Everything should be made as simple as possible" by Albert Einstein i'
[208/298] image_of_text_0024 2.69s  'The details are not the details, they make the design.'
[209/298] image_of_text_0025 2.94s  'The text "How our returns work" is displayed in a bold, black font on a white ba'
[210/298] image_of_text_0026 1.2s  'The image contains the text "Meet the founders."'
[211/298] image_of_text_0027 1.18s  'Frequently asked questions'
[212/298] image_of_text_0028 1.92s  'The text "What is in the box" is written in a purple font on a white background.'
[213/298] image_of_text_0029 1.48s  'Our 2026 impact report'
[214/298] image_of_text_0030 1.35s  'The text "Delivery and collection" is written in a white font on a white backgro'
[215/298] image_of_text_0031 1.27s  'The image shows a mathematical expression "3m^6".'
[216/298] image_of_text_0032 4.1s  'The image you provided is a CAPTCHA (Completely Automated Public Turing test to '
[217/298] image_of_text_0033 3.08s  'The image appears to be a distorted or corrupted text. The characters are not cl'
[218/298] image_of_text_0034 2.43s  'The image shows a series of intersecting lines on a light yellow background. The'
[219/298] image_of_text_0035 2.77s  'The image you provided is a series of random characters and lines, which do not '
[220/298] image_of_text_0036 1.65s  'The image shows a distorted text "javsh9".'
[221/298] image_of_text_0037 2.55s  'The image contains the following text:\n\n- Kestrel Books\n- 14 Mill Lane\n- Bristol'
[222/298] image_of_text_0038 2.74s  'The image contains the following text:\n\n- "Northwind Tea"\n- "Unit 7, Harbour Roa'
[223/298] image_of_text_0039 2.23s  'Lumen Health is located at 220 Ashfield Street, Manchester, M14 5PP.'
[224/298] image_of_text_0040 1.83s  'The text reads: "Foxglove Studio 3rd floor, 8 Peach Yard London E2 8AA."'
[225/298] image_of_text_0041 2.3s  'Bramble Grocers, located at 44 Market Square, York, is a grocery store in the Yo'
[226/298] image_of_text_0042 1.74s  'The phone number is 0117 496 2210.'
[227/298] image_of_text_0043 2.12s  'The phone number is +44 20 7946 0912.'
[228/298] image_of_text_0044 1.66s  'The phone number is (555) 014-2200.'
[229/298] image_of_text_0045 1.44s  'The image contains the following text:\n\n0800 555 0199'
[230/298] image_of_text_0046 4.16s  'The image features a gradient background transitioning from a light pink at the '
[231/298] image_of_text_0047 0.99s  'Thank you for 10 years'
[232/298] image_of_text_0048 0.97s  'Now hiring bakers'
[233/298] image_of_text_0049 4.12s  'The text "Closed for refurbishment" is displayed on a gradient background that t'
[234/298] image_of_text_0050 1.51s  'Winter menu is here'
[235/298] image_of_text_0051 1.28s  'Join the waiting list'
[236/298] image_of_text_0052 1.02s  'Repair Cafe'
[237/298] image_of_text_0053 1.54s  'Book club Thursday 2 April, 7pm'
[238/298] image_of_text_0054 2.16s  'The image contains the following text:\n\nWinter market\nSunday 8 December, 11am'
[239/298] image_of_text_0055 1.78s  'Open Studio: Friday 20 June, 6pm'
[240/298] image_of_text_0056 1.56s  'Coffee tasting\nTuesday 5 May, 5pm'
[241/298] complex_0001 4.63s  'The image is a bar chart titled "Total sales by quarter." The x-axis represents '
[242/298] complex_0002 4.95s  'The image is a bar chart titled "Support tickets by channel" with the x-axis lab'
[243/298] complex_0003 4.42s  'The image is a bar chart titled "Weekly signups" with the category "signups". Th'
[244/298] complex_0004 4.81s  'The bar chart titled "Energy use by floor" shows the energy consumption in kWh f'
[245/298] complex_0005 5.06s  'The image is a bar chart titled "Books borrowed by genre." The x-axis represents'
[246/298] complex_0006 5.2s  'The image is a bar chart titled "Average delivery time" with the x-axis labeled '
[247/298] complex_0007 4.88s  'The image is a bar chart titled "Site visits by device" with the x-axis labeled '
[248/298] complex_0008 5.01s  'The bar chart titled "Rainfall by month" shows the amount of rainfall in millime'
[249/298] complex_0009 4.8s  'The bar chart titled "Volunteers by branch" shows the number of people in each b'
[250/298] complex_0010 5.33s  'The bar chart titled "Errors per release" shows the number of errors per release'
[251/298] complex_0011 4.81s  'The bar chart titled "Energy use by floor" shows the energy consumption for each'
[252/298] complex_0012 5.14s  'The image is a bar chart titled "Books borrowed by genre." The x-axis represents'
[253/298] complex_0013 5.45s  'The image is a bar chart titled "Average delivery time." The chart compares the '
[254/298] complex_0014 3.66s  'The bar chart titled "Site visits by device" shows the following data:\n\n- Mobile'
[255/298] complex_0015 5.61s  'The image is a bar chart titled "Rainfall by month." The x-axis represents the m'
[256/298] complex_0016 4.34s  'The image is a bar chart titled "Volunteers by branch." The chart compares three'
[257/298] complex_0017 5.25s  'The graph titled "Total sales by quarter" shows the sales figures in thousand po'
[258/298] complex_0018 5.06s  'The graph titled "Support tickets by channel" shows the number of tickets for ea'
[259/298] complex_0019 5.27s  'The graph shows the weekly signups for a service over a week. The x-axis represe'
[260/298] complex_0020 5.04s  'The graph titled "Energy use by floor" shows the energy consumption in kWh for d'
[261/298] complex_0021 5.17s  'The graph titled "Books borrowed by genre" shows the number of loans for each ge'
[262/298] complex_0022 4.75s  'The graph titled "Average delivery time" shows the average delivery time in hour'
[263/298] complex_0023 5.44s  'The pie chart shows the distribution of site visits by device. The largest segme'
[264/298] complex_0024 4.82s  'The pie chart titled "Rainfall by month" shows the percentage distribution of ra'
[265/298] complex_0025 3.59s  'The pie chart titled "Volunteers by branch" shows the distribution of volunteers'
[266/298] complex_0026 4.86s  'The image is a pie chart titled "Errors per release." The chart is divided into '
[267/298] complex_0027 3.43s  'The pie chart titled "Members by plan" shows the distribution of members across '
[268/298] complex_0028 4.76s  'The pie chart shows the distribution of cups served per day over five days of th'
[269/298] complex_0029 4.2s  'The pie chart titled "Repairs completed" shows the distribution of repairs compl'
[270/298] complex_0030 3.92s  'The pie chart titled "Newsletter opens" is divided into four segments, each repr'
[271/298] complex_0031 5.15s  'The image is a bar chart titled "Errors per release." The x-axis represents the '
[272/298] complex_0032 4.44s  'The image is a bar chart titled "Members by plan." The chart shows the distribut'
[273/298] complex_0033 4.75s  'The image is a bar chart titled "Cups served per day." The x-axis represents the'
[274/298] complex_0034 4.17s  'The bar chart titled "Repairs completed" shows the number of repairs completed f'
[275/298] complex_0035 5.57s  'The image is a bar chart titled "Newsletter opens." The chart shows the number o'
[276/298] complex_0036 4.52s  'The image is a bar chart titled "Stock by warehouse." The chart shows the distri'
[277/298] complex_0037 3.55s  'The table is titled "Weekly signups" and it lists the name and number of signups'
[278/298] complex_0038 4.15s  'The table shows the energy use by floor in kilowatt-hours (Kwh). The data is as '
[279/298] complex_0039 4.19s  'The table "Books borrowed by genre" shows the number of loans for each genre: Fi'
[280/298] complex_0040 5.46s  'The table "Average delivery time" shows the average delivery time in hours for f'
[281/298] complex_0041 4.52s  'The table "Site visits by device" shows the following data:\n\n| Name | Percent |\n'
[282/298] complex_0042 4.92s  'The table "Rainfall by month" shows the monthly rainfall in millimetres. The dat'
[283/298] complex_0043 4.93s  'The image shows a process flow diagram for how a return works. The process start'
[284/298] complex_0044 2.76s  'The article workflow is a process that involves creating a draft, reviewing it, '
[285/298] complex_0045 3.16s  'The image represents a support escalation process. It shows a ticket being proce'
[286/298] complex_0046 5.17s  'The image represents a flowchart for an order pipeline, which is a sequence of s'
[287/298] complex_0047 3.34s  'The image shows a flowchart for the process of setting up an account. The proces'
[288/298] complex_0048 3.01s  'Repair intake process flowchart with steps:\n\n1. Book slot\n2. Assess\n3. Quote\n4. '
[289/298] complex_0049 2.55s  'The Store team structure is as follows:\n\n- Manager\n  - Bakery\n  - Deli\n  - Check'
[290/298] complex_0050 3.19s  'The image shows a simple organizational structure of a studio, with a Director a'
[291/298] complex_0051 3.51s  'The image shows a hierarchical structure of library staff, with the head librari'
[292/298] complex_0052 4.32s  'The image is an organizational chart titled "Kitchen roles." At the top, there i'
[293/298] complex_0053 3.02s  'The image depicts a support desk organizational structure with a team lead at th'
[294/298] complex_0054 4.62s  'The image is a timeline representing the milestones of a company. The timeline s'
[295/298] complex_0055 4.52s  'The image is a timeline representing the project phases for a project that start'
[296/298] complex_0056 4.67s  'The timeline shows the building history of a structure from 1904 to 2011. It ind'
[297/298] complex_0057 4.0s  'The release history timeline shows the release dates for different versions of a'
[298/298] complex_0058 5.38s  'The timeline shows the grant timeline from 2022 to 2025. The timeline starts wit'
wrote results/raw/Qwen__Qwen2-VL-2B-Instruct__naive.json: 298 outputs, mean 2.15s/image over 298 new items
Warning: You are sending unauthenticated requests to the HF Hub. Please set a HF_TOKEN to enable higher rate limits and faster downloads.
Qwen/Qwen2-VL-2B-Instruct / wcag: 298 items to run, 0 already done
Loading weights:   0%|          | 0/729 [00:00<?, ?it/s]Loading weights:   0%|          | 1/729 [00:00<08:36,  1.41it/s]Loading weights:  27%|██▋       | 196/729 [00:00<00:01, 320.75it/s]Loading weights:  41%|████      | 298/729 [00:01<00:01, 361.97it/s]Loading weights:  56%|█████▌    | 406/729 [00:01<00:00, 469.32it/s]Loading weights:  67%|██████▋   | 490/729 [00:01<00:00, 540.38it/s]Loading weights:  87%|████████▋ | 632/729 [00:01<00:00, 709.40it/s]Loading weights: 100%|██████████| 729/729 [00:01<00:00, 505.82it/s]
loaded on mps in 8.5s
[1/298] functional_0001 0.37s  'Empty'
[2/298] functional_0002 0.26s  'Empty'
[3/298] functional_0003 0.26s  'Empty'
[4/298] functional_0004 0.27s  'House'
[5/298] functional_0005 0.25s  'Empty'
[6/298] functional_0006 0.29s  'Empty'
[7/298] functional_0007 0.25s  'Empty'
[8/298] functional_0008 0.53s  'Button with an arrow pointing left.'
[9/298] functional_0009 0.29s  'Empty'
[10/298] functional_0010 0.26s  'Empty'
[11/298] functional_0011 0.27s  'Empty'
[12/298] functional_0012 0.3s  'Empty'
[13/298] functional_0013 0.25s  'Print'
[14/298] functional_0014 0.61s  'Lock icon. Press enter to unlock.'
[15/298] functional_0015 0.29s  'Empty'
[16/298] functional_0016 0.24s  'Empty'
[17/298] functional_0017 0.25s  'Empty'
[18/298] functional_0018 0.25s  'Empty'
[19/298] functional_0019 0.24s  'Empty'
[20/298] functional_0020 0.25s  'Empty'
[21/298] functional_0021 0.24s  'Empty'
[22/298] functional_0022 0.29s  'Empty'
[23/298] functional_0023 0.29s  'empty'
[24/298] functional_0024 0.23s  'Empty'
[25/298] functional_0025 0.24s  'Empty'
[26/298] functional_0026 0.27s  'Empty'
[27/298] functional_0027 0.25s  'Empty'
[28/298] functional_0028 0.29s  'Share'
[29/298] functional_0029 0.28s  'Empty'
[30/298] functional_0030 0.3s  'Upload'
[31/298] functional_0031 0.23s  'Empty'
[32/298] functional_0032 0.29s  'Empty'
[33/298] functional_0033 0.32s  'Empty'
[34/298] functional_0034 0.24s  'Empty'
[35/298] functional_0035 0.24s  'Empty'
[36/298] functional_0036 0.28s  'Upload'
[37/298] functional_0037 0.32s  'Empty'
[38/298] functional_0038 0.27s  'Empty'
[39/298] functional_0039 0.26s  'Empty'
[40/298] functional_0040 0.38s  'Add to cart'
[41/298] functional_0041 0.38s  'Download the report'
[42/298] functional_0042 0.29s  'Empty'
[43/298] functional_0043 0.34s  'Delete account'
[44/298] functional_0044 0.33s  'Send message'
[45/298] functional_0045 0.27s  'Empty'
[46/298] functional_0046 0.32s  'Upload photos'
[47/298] functional_0047 0.32s  'Try again'
[48/298] functional_0048 0.42s  'Print this invoice'
[49/298] functional_0049 0.43s  'Click to continue payment'
[50/298] functional_0050 0.41s  'Northwind Tea'
[51/298] functional_0051 0.48s  'Foxglove Studio'
[52/298] functional_0052 0.44s  'Tidewater Bank'
[53/298] functional_0053 0.41s  'Copperline'
[54/298] functional_0054 0.38s  'Lumen Health'
[55/298] functional_0055 0.5s  'Halcyon Travel'
[56/298] functional_0056 0.48s  'Bramble Grocers'
[57/298] functional_0057 0.49s  'Quill & Sable'
[58/298] functional_0058 0.45s  'Continue with Nimbus'
[59/298] functional_0059 0.4s  'Continue with Orbit'
[60/298] functional_0060 0.46s  'Continue with Kite'
[61/298] functional_0061 0.41s  'Continue with Vertex'
[62/298] functional_0062 0.61s  'Click to open the PayFast website.'
[63/298] functional_0063 0.32s  'SwiftPay'
[64/298] functional_0064 0.39s  'Mesa Wallet'
[65/298] functional_0065 0.53s  'Click to visit Harbour Pay.'
[66/298] informative_0001 0.29s  'empty'
[67/298] informative_0002 0.29s  'Empty'
[68/298] informative_0003 0.3s  'Empty'
[69/298] informative_0004 0.32s  'Empty'
[70/298] informative_0005 0.39s  'Empty'
[71/298] informative_0006 0.29s  'Empty'
[72/298] informative_0007 0.32s  'Empty'
[73/298] informative_0008 0.39s  'Empty'
[74/298] informative_0009 0.27s  'Empty'
[75/298] informative_0010 0.26s  'Empty'
[76/298] informative_0011 0.24s  'Empty'
[77/298] informative_0012 0.26s  'Empty'
[78/298] informative_0013 0.24s  'Empty'
[79/298] informative_0014 0.28s  'Empty'
[80/298] informative_0015 0.4s  '25%'
[81/298] informative_0016 0.38s  '40%'
[82/298] informative_0017 0.38s  '60%'
[83/298] informative_0018 0.41s  '75%'
[84/298] informative_0019 0.47s  '90%'
[85/298] informative_0020 0.31s  'Empty'
[86/298] informative_0021 0.34s  'Checkmark'
[87/298] informative_0022 0.24s  'Empty'
[88/298] informative_0023 0.27s  'Empty'
[89/298] informative_0024 0.27s  'empty'
[90/298] informative_0025 0.24s  'Empty'
[91/298] informative_0026 0.25s  'JD'
[92/298] informative_0027 0.28s  'Empty'
[93/298] informative_0028 0.26s  'MK'
[94/298] informative_0029 0.31s  'TO'
[95/298] informative_0030 0.26s  'Empty'
[96/298] informative_0031 0.3s  'Empty'
[97/298] informative_0032 0.3s  'Empty'
[98/298] informative_0033 0.37s  'Poland Flag'
[99/298] informative_0034 0.28s  'Empty'
[100/298] informative_0035 0.3s  'Empty'
[101/298] informative_0036 0.26s  'Empty'
[102/298] informative_0037 0.27s  'Empty'
[103/298] informative_0038 0.29s  'Empty'
[104/298] informative_0039 0.31s  'Empty'
[105/298] informative_0040 0.34s  'Empty'
[106/298] informative_0041 0.33s  'Write'
[107/298] informative_0042 0.31s  'Empty'
[108/298] informative_0043 0.33s  'empty'
[109/298] informative_0044 0.33s  'Empty'
[110/298] informative_0045 0.33s  'Empty'
[111/298] informative_0046 0.3s  'Empty'
[112/298] informative_0047 0.31s  'Empty'
[113/298] informative_0048 0.45s  'Camera Icon'
[114/298] informative_0049 1.08s  'A dotted line connects two red and blue location markers on a grid.'
[115/298] informative_0050 1.02s  'A dotted line connects two red location markers on a grid.'
[116/298] informative_0051 1.1s  'A dashed line connects two red and purple location markers on a grid.'
[117/298] informative_0052 1.49s  'A dashed line with two red markers, one at the start and one at the end, indicat'
[118/298] informative_0053 1.11s  'A dashed line connects two red and blue location markers on a grid.'
[119/298] informative_0054 0.39s  'Empty'
[120/298] informative_0055 0.38s  'Empty'
[121/298] informative_0056 0.41s  'Empty'
[122/298] informative_0057 0.32s  'Empty'
[123/298] informative_0058 0.41s  'Empty'
[124/298] informative_0059 0.46s  'Empty'
[125/298] informative_0060 0.72s  'A bridge with two arches.'
[126/298] decorative_0001 0.3s  'Empty'
[127/298] decorative_0002 0.3s  'Empty'
[128/298] decorative_0003 0.3s  'Empty'
[129/298] decorative_0004 0.28s  'Empty'
[130/298] decorative_0005 0.99s  '(1,10),(997,995)'
[131/298] decorative_0006 0.27s  'Empty'
[132/298] decorative_0007 0.3s  'Empty'
[133/298] decorative_0008 0.31s  'Empty'
[134/298] decorative_0009 0.29s  'Empty'
[135/298] decorative_0010 0.33s  'Empty'
[136/298] decorative_0011 0.29s  'Empty'
[137/298] decorative_0012 0.32s  'Empty'
[138/298] decorative_0013 0.3s  'Empty'
[139/298] decorative_0014 0.36s  'Empty'
[140/298] decorative_0015 0.31s  'Empty'
[141/298] decorative_0016 0.34s  'Empty'
[142/298] decorative_0017 0.35s  'Empty'
[143/298] decorative_0018 0.32s  'Empty'
[144/298] decorative_0019 0.31s  'Empty'
[145/298] decorative_0020 0.36s  'Empty'
[146/298] decorative_0021 0.55s  'EMPTY'
[147/298] decorative_0022 0.32s  'Empty'
[148/298] decorative_0023 0.32s  'Empty'
[149/298] decorative_0024 0.55s  'Empty'
[150/298] decorative_0025 0.48s  'EMPTY'
[151/298] decorative_0026 0.46s  'Empty'
[152/298] decorative_0027 0.49s  'EMPTY'
[153/298] decorative_0028 0.43s  'Empty'
[154/298] decorative_0029 0.55s  'Empty'
[155/298] decorative_0030 0.3s  'Empty'
[156/298] decorative_0031 0.28s  'Empty'
[157/298] decorative_0032 0.29s  'Empty'
[158/298] decorative_0033 0.3s  'Empty'
[159/298] decorative_0034 0.31s  'Empty'
[160/298] decorative_0035 0.31s  'Empty'
[161/298] decorative_0036 0.3s  'Empty'
[162/298] decorative_0037 0.25s  'Empty'
[163/298] decorative_0038 0.33s  'Empty'
[164/298] decorative_0039 0.3s  'Empty'
[165/298] decorative_0040 0.29s  'Empty'
[166/298] decorative_0041 0.28s  'Empty'
[167/298] decorative_0042 0.3s  'Empty'
[168/298] decorative_0043 0.29s  'Empty'
[169/298] decorative_0044 0.34s  'Empty'
[170/298] decorative_0045 1.04s  '(15,10),(985,995)'
[171/298] decorative_0046 0.96s  '(1,1),(997,995)'
[172/298] decorative_0047 0.4s  'Empty'
[173/298] decorative_0048 0.99s  '(1,1),(997,995)'
[174/298] decorative_0049 1.11s  '(10,10),(990,990)'
[175/298] decorative_0050 1.07s  '(1,1),(997,995)'
[176/298] decorative_0051 1.03s  '(10,10),(990,990)'
[177/298] decorative_0052 0.26s  'Empty'
[178/298] decorative_0053 0.26s  'Empty'
[179/298] decorative_0054 0.26s  'Empty'
[180/298] decorative_0055 0.24s  'Empty'
[181/298] decorative_0056 0.27s  'Empty'
[182/298] decorative_0057 0.27s  'Empty'
[183/298] decorative_0058 0.25s  'Empty'
[184/298] decorative_0059 0.24s  'Empty'
[185/298] image_of_text_0001 0.63s  'KESTREL BOOKS'
[186/298] image_of_text_0002 0.39s  'Northwind Tea'
[187/298] image_of_text_0003 0.43s  'Marrow & Co'
[188/298] image_of_text_0004 0.44s  'Lumen Health'
[189/298] image_of_text_0005 0.6s  'TIDEWATER BANK'
[190/298] image_of_text_0006 0.46s  'Foxglove Studio'
[191/298] image_of_text_0007 0.44s  'Copperline'
[192/298] image_of_text_0008 0.53s  'Halcyon Travel'
[193/298] image_of_text_0009 0.49s  'Bramble Grocers'
[194/298] image_of_text_0010 0.52s  'Quill & Sable'
[195/298] image_of_text_0011 0.67s  '50% OFF this weekend'
[196/298] image_of_text_0012 0.57s  'Free shipping over 50'
[197/298] image_of_text_0013 0.59s  'Buy one get one free'
[198/298] image_of_text_0014 0.51s  'Summer sale starts Friday'
[199/298] image_of_text_0015 0.57s  'New arrivals every Thursday'
[200/298] image_of_text_0016 0.68s  'Members save 20% today'
[201/298] image_of_text_0017 0.71s  'Last 3 days of the winter sale'
[202/298] image_of_text_0018 0.81s  'Order by 6pm for next day delivery'
[203/298] image_of_text_0019 1.1s  'The best time to plant a tree was twenty years ago.'
[204/298] image_of_text_0020 1.02s  '"We shape our buildings, and afterwards our buildings shape us."'
[205/298] image_of_text_0021 1.62s  'SIMPLICITY IS A GREAT VIRTUE BUT IT REQUIRES HARD WORK. E. DIJKSTRA'
[206/298] image_of_text_0022 1.12s  '"A change of perspective is worth 80 IQ points."'
[207/298] image_of_text_0023 1.02s  '"Everything should be made as simple as possible."'
[208/298] image_of_text_0024 1.42s  'The details are not the details, they make the design. C. Eames'
[209/298] image_of_text_0025 0.48s  'How our returns work'
[210/298] image_of_text_0026 0.59s  'MEET THE FOUNDRERS'
[211/298] image_of_text_0027 0.56s  'Frequently asked questions'
[212/298] image_of_text_0028 0.55s  'WHAT IS IN THE BOX'
[213/298] image_of_text_0029 0.82s  'Our 2026 impact report'
[214/298] image_of_text_0030 0.34s  'Empty'
[215/298] image_of_text_0031 0.43s  '3mjc6'
[216/298] image_of_text_0032 0.32s  'EMPTY'
[217/298] image_of_text_0033 0.34s  'empty'
[218/298] image_of_text_0034 0.34s  'empty'
[219/298] image_of_text_0035 0.35s  'empty'
[220/298] image_of_text_0036 0.76s  'The image contains the text "javsh9".'
[221/298] image_of_text_0037 1.06s  'Kestrel Books\n14 Mill Lane\nBristol BS1 4TR'
[222/298] image_of_text_0038 1.11s  'Northwind Tea\nUnit 7, Harbour Road\nLeith EH6 6QQ'
[223/298] image_of_text_0039 1.17s  'Lumen Health\n220 Ashfield Street\nManchester M14 5PP'
[224/298] image_of_text_0040 1.26s  'Foxglove Studio\n3rd floor, 8 Peach Yard\nLondon E2 8AA'
[225/298] image_of_text_0041 1.11s  'Bramble Grocers\n44 Market Square\nYork YO1 8SN'
[226/298] image_of_text_0042 0.96s  '0117 496 2210'
[227/298] image_of_text_0043 1.27s  'To contact us, call: +44 20 7946 0912'
[228/298] image_of_text_0044 1.01s  '(555) 014-2200'
[229/298] image_of_text_0045 0.88s  '0800 555 0199'
[230/298] image_of_text_0046 0.58s  'doors open at 7'
[231/298] image_of_text_0047 0.62s  'Thank you for 10 years'
[232/298] image_of_text_0048 0.53s  'Now hiring bakers'
[233/298] image_of_text_0049 0.64s  'Closed for refurbishment'
[234/298] image_of_text_0050 0.61s  'Winter menu is here'
[235/298] image_of_text_0051 0.64s  'JOIN THE WAITING LIST'
[236/298] image_of_text_0052 0.96s  'Repair cafe Saturday 14 March, 10am'
[237/298] image_of_text_0053 0.92s  'Book club Thursday 2 April, 7pm'
[238/298] image_of_text_0054 1.0s  'Winter market\nSunday 8 December, 11am'
[239/298] image_of_text_0055 0.95s  'Open studio\nFriday 20 June, 6pm'
[240/298] image_of_text_0056 0.87s  'Coffee tasting Tuesday 5 May, 5pm'
[241/298] complex_0001 0.78s  'Total sales by quarter'
[242/298] complex_0002 2.67s  'Support tickets by channel: tickets\n\n| Channel | Tickets |\n|---|---|\n| Email | 8'
[243/298] complex_0003 0.88s  'Weekly signups: Signups'
[244/298] complex_0004 0.99s  'Energy use by floor kWh'
[245/298] complex_0005 0.95s  'Book borrowed by genre'
[246/298] complex_0006 0.8s  'Empty'
[247/298] complex_0007 1.19s  'Site visits by device'
[248/298] complex_0008 1.15s  'Rainfall by month'
[249/298] complex_0009 1.91s  'Volunteers by branch people\nLeith 19\nMill Lane 44\nHarbour 26'
[250/298] complex_0010 1.07s  'Errors per release'
[251/298] complex_0011 1.5s  'Ground has the highest energy use, followed by First, Second, and Third.'
[252/298] complex_0012 1.61s  'Books borrowed by genre Fiction 76 History 41 Poetry 22 Science 35'
[253/298] complex_0013 0.69s  'Empty'
[254/298] complex_0014 0.97s  'Site visits by device'
[255/298] complex_0015 1.17s  'Rainfall by month'
[256/298] complex_0016 1.87s  'Volunteers by branch\nLeith\n19\nMill Lane\n44\nHarbour\n26'
[257/298] complex_0017 1.0s  'Total sales by quarter'
[258/298] complex_0018 1.11s  'Support tickets by channel'
[259/298] complex_0019 0.95s  'Weekly signups'
[260/298] complex_0020 0.96s  'Energy use by floor'
[261/298] complex_0021 1.94s  'Books borrowed by genre loans Fiction 76 History 41 Poetry 22 Science 35'
[262/298] complex_0022 0.96s  'Empty'
[263/298] complex_0023 1.89s  'Site visits by device\n\n- Mobile 65%\n- Desktop 24%\n- Tablet 11%'
[264/298] complex_0024 0.79s  'Rainfall by month'
[265/298] complex_0025 1.75s  'Volunteers by branch\n\nLeith 22%\nMill Lane 49%\nHarbour 29%'
[266/298] complex_0026 2.42s  'Errors per release\n- v1.2 43%\n- v1.3 30%\n- v1.4 16%\n- v1.5 11%'
[267/298] complex_0027 1.62s  'Members by plan\n\nFree 54%\nStandard 31%\nPremium 15%'
[268/298] complex_0028 0.86s  'Empty'
[269/298] complex_0029 2.5s  'Pie chart showing the percentage of repairs completed by different categories: B'
[270/298] complex_0030 2.97s  'Pie chart showing the percentage of newsletter opens for each week:\n- Week 1: 20'
[271/298] complex_0031 3.71s  'The bar chart shows the number of errors per release. The x-axis measures the re'
[272/298] complex_0032 1.11s  'Members by plan'
[273/298] complex_0033 1.06s  'Empty'
[274/298] complex_0034 2.77s  'Bar chart titled Repairs completed. Bikes is represented by 63, Laptops is repre'
[275/298] complex_0035 3.56s  'Week 1: 42 (Online) 55 (In store) 42 (Phone)\nWeek 2: 55 (Online) 55 (In store) 5'
[276/298] complex_0036 1.62s  '(10,10),(988,984)'
[277/298] complex_0037 0.69s  'Weekly signups'
[278/298] complex_0038 1.89s  'Ground: 64 Kwh First: 39 Kwh Second: 27 Kwh Third: 18 Kwh'
[279/298] complex_0039 0.61s  'Empty'
[280/298] complex_0040 1.94s  'Average delivery time\nName Hours\nNorth 32\nSouth 44\nEast 27\nWest 51'
[281/298] complex_0041 0.78s  'Site visits by device'
[282/298] complex_0042 1.02s  'Rainfall by month'
[283/298] complex_0043 1.19s  'Request -> Print label -> Post it -> Refund'
[284/298] complex_0044 0.82s  'Draft, Review, Edit, Publish'
[285/298] complex_0045 0.93s  'Support escalation process: Ticket → Triage → Specialist'
[286/298] complex_0046 1.26s  'Order pipeline\nPlaced\nPicked\nPacked\nShipped'
[287/298] complex_0047 0.88s  'Sign up, Verify email, Add details'
[288/298] complex_0048 1.23s  'Repair intake\nBook slot\nAssess\nQuote\nFix'
[289/298] complex_0049 1.24s  'Store team\nManager\nBakery\nDeli\nCheckout'
[290/298] complex_0050 1.11s  'Studio structure\n\nDirector\n\nDesign\n\nBuild\n\nAccounts'
[291/298] complex_0051 0.7s  'Empty'
[292/298] complex_0052 0.82s  'Head chef'
[293/298] complex_0053 1.11s  'Support desk\nTeam lead\nTier 1\nTier 2'
[294/298] complex_0054 2.06s  '2016: First shop\n2019: Online store\n2022: Second shop\n2025: Repair service'
[295/298] complex_0055 1.72s  'Project phases\n2023\nResearch\n2024\nPilot\n2026\nRollout'
[296/298] complex_0056 1.49s  '1904 Built\n1962 Extended\n2011 Restored'
[297/298] complex_0057 2.16s  'Release history\n2021 Beta\n2022 Version 1\n2024 Version 2\n2026 Version 3'
[298/298] complex_0058 0.79s  'Empty'
wrote results/raw/Qwen__Qwen2-VL-2B-Instruct__wcag.json: 298 outputs, mean 0.65s/image over 298 new items
Warning: You are sending unauthenticated requests to the HF Hub. Please set a HF_TOKEN to enable higher rate limits and faster downloads.
Qwen/Qwen2-VL-2B-Instruct / wcag_context: 298 items to run, 0 already done
Loading weights:   0%|          | 0/729 [00:00<?, ?it/s]Loading weights:   0%|          | 1/729 [00:00<07:36,  1.60it/s]Loading weights:  45%|████▍     | 328/729 [00:00<00:00, 608.34it/s]Loading weights:  78%|███████▊  | 572/729 [00:00<00:00, 979.55it/s]Loading weights: 100%|██████████| 729/729 [00:00<00:00, 729.79it/s]
loaded on mps in 7.7s
[1/298] functional_0001 1.72s  'The image is a button or link. Its purpose is to provide a way for users to get '
[2/298] functional_0002 1.53s  'The image is a link. It is a button that, when clicked, will take the user to th'
[3/298] functional_0003 1.27s  'The image is a button or link. Its purpose is to provide a way to contact the cu'
[4/298] functional_0004 1.16s  'The image is a button or link that likely leads to the home page of Kestrel Book'
[5/298] functional_0005 1.85s  'The image is a button with the text "Support" and an icon of a chat bubble. Its '
[6/298] functional_0006 0.56s  'Navigate to next page.'
[7/298] functional_0007 0.99s  'The image is a button or link that takes the user to their account page.'
[8/298] functional_0008 1.32s  'The image is a button or link. It is used to navigate to the next page of a seri'
[9/298] functional_0009 1.14s  'The image is a button that likely serves as a link to a wishlist or cart page.'
[10/298] functional_0010 1.83s  'The image is a button that likely serves as a link to a shopping cart or cart pa'
[11/298] functional_0011 0.81s  'The button is a save button for the tide tables.'
[12/298] functional_0012 1.67s  'The image is a button that is part of a modal window on a web page. The purpose '
[13/298] functional_0013 1.22s  'The image is a button on a web page. Its purpose is to initiate the printing of '
[14/298] functional_0014 1.83s  'The image is a button on a web page. Its purpose is to initiate the checkout pro'
[15/298] functional_0015 1.34s  'The image is a button that likely serves as a filter or sorting option for the r'
[16/298] functional_0016 0.59s  'Download the Quarterly report.pdf.'
[17/298] functional_0017 1.17s  'The image is a button or link that directs users to the Mill Lane branch of the '
[18/298] functional_0018 3.06s  'The image is a button with a question mark icon, which is likely used to represe'
[19/298] functional_0019 1.41s  'The image is a button that likely serves as a navigation link or toggle for the '
[20/298] functional_0020 1.19s  'The image is a button that likely leads to a settings page or account settings w'
[21/298] functional_0021 1.59s  'The image is a button on a web page. Its purpose is to allow users to edit the a'
[22/298] functional_0022 2.21s  'The image is a button with the text "Quantity 2" and an icon of a plus sign. Its'
[23/298] functional_0023 3.15s  'The image is a button with the text "5 unread" and the icon of a bell, which is '
[24/298] functional_0024 0.42s  'Empty.'
[25/298] functional_0025 0.67s  'Search for products.'
[26/298] functional_0026 1.0s  'To view the image in detail, click on the button.'
[27/298] functional_0027 2.41s  'The image is a button on a web page. Its purpose is to provide a link to the "np'
[28/298] functional_0028 2.1s  'The image is a button that is part of a web page. It is designed to be clicked t'
[29/298] functional_0029 2.49s  'The image is a button on a web page. Its purpose is to provide a visual cue for '
[30/298] functional_0030 0.67s  'To upload a document.'
[31/298] functional_0031 0.47s  'Empty'
[32/298] functional_0032 1.5s  'The image is a button on a web page. It is used to play a track from a playlist.'
[33/298] functional_0033 1.38s  'The image is a button on a web page, likely used to pause the current video or a'
[34/298] functional_0034 1.02s  'The image is a button that likely reloads the content on the page.'
[35/298] functional_0035 2.32s  'The image is a button with the text "Departure" and an associated date field. Th'
[36/298] functional_0036 1.13s  'The image is a button that serves as a link to upload a document.'
[37/298] functional_0037 2.86s  'The image is a button with an image of a green bookmark and the text "The tide t'
[38/298] functional_0038 1.67s  'The image is a button on a web page. Its purpose is to provide a link to a secti'
[39/298] functional_0039 1.21s  'To perform a search or action on the product, click the "wishlist" button.'
[40/298] functional_0040 1.47s  'The image is a button on a web page. Its purpose is to add an item to the shoppi'
[41/298] functional_0041 1.58s  'The image is a button that, when clicked, will download the "Annual report 2025"'
[42/298] functional_0042 0.9s  'The button is a link to add a new list.'
[43/298] functional_0043 1.37s  'The image is a button that, when clicked, will perform the action of deleting an'
[44/298] functional_0044 1.59s  'The image is a button that, when clicked, will submit a message to the contact f'
[45/298] functional_0045 0.7s  'Book a viewing'
[46/298] functional_0046 0.7s  'Upload photos'
[47/298] functional_0047 3.4s  'The image is a button with the text "Try again" and an icon of a refresh arrow. '
[48/298] functional_0048 1.68s  "The button's purpose is to provide a link to print the invoice."
[49/298] functional_0049 1.39s  'The image is a button that, when clicked, will initiate the payment process.'
[50/298] functional_0050 1.35s  'The image is a link to the "Northwind Tea" section of the website.'
[51/298] functional_0051 1.58s  'The image is a logo for "Foxglove Studio." It is a decorative element, not a but'
[52/298] functional_0052 2.67s  'The image is a logo for Tidewater Bank. It is used to identify the bank and is p'
[53/298] functional_0053 2.05s  'The image is a logo for Copperline, a company that likely specializes in copper '
[54/298] functional_0054 1.73s  'The image is a logo for Lumen Health, which is a website or brand associated wit'
[55/298] functional_0055 1.13s  'The image is a link to the Halcyon Travel website.'
[56/298] functional_0056 2.84s  'The image is a logo for Bramble Grocers. It is used to identify the brand and is'
[57/298] functional_0057 1.13s  'The image is a link to the "Shop" section of the website.'
[58/298] functional_0058 2.6s  'The image is a button that says "Continue with Nimbus" and is part of a web page'
[59/298] functional_0059 2.38s  'The image is a button that says "Continue with Orbit" and is part of a web page.'
[60/298] functional_0060 2.79s  'The image is a button that says "Continue with Kite" and is part of a web page. '
[61/298] functional_0061 0.61s  'Continue with Vertex'
[62/298] functional_0062 1.38s  'The image is a button that, when clicked, will initiate the secure checkout proc'
[63/298] functional_0063 1.17s  'The image is a button that, when clicked, initiates a secure checkout process.'
[64/298] functional_0064 1.07s  'The image is a button that likely leads to a payment or checkout process.'
[65/298] functional_0065 0.98s  'The button is a link to the Harbour Pay payment gateway.'
[66/298] informative_0001 1.29s  'The image is a weather icon representing a sunny day with a temperature of 24 de'
[67/298] informative_0002 1.27s  'The image is a weather icon representing a cloudy day with a temperature of 12 d'
[68/298] informative_0003 0.78s  'The image is a weather icon representing rain.'
[69/298] informative_0004 0.95s  'The image is a weather icon representing light snow.'
[70/298] informative_0005 2.48s  'The image is a weather icon representing a stormy day with a cloud and a lightni'
[71/298] informative_0006 1.26s  'The image is a weather icon representing a sunny day with a temperature of 26 de'
[72/298] informative_0007 0.92s  'The image is a link to an informational page.'
[73/298] informative_0008 1.42s  'The image is a weather icon representing cloudy weather with a temperature of 17'
[74/298] informative_0009 1.83s  'The image is a button that likely serves as a call-to-action, possibly to visit '
[75/298] informative_0010 1.32s  'The image is a button that likely serves as a link to the "Canvas weekend bag" p'
[76/298] informative_0011 1.54s  'The image is a button that likely serves as a link to a page with more informati'
[77/298] informative_0012 1.65s  'The image is a placeholder for a rating icon, likely used to indicate the number'
[78/298] informative_0013 1.55s  'The image is a button that likely serves as a link to a page with more informati'
[79/298] informative_0014 1.58s  'The image is a button that likely leads to more information about the "Canvas we'
[80/298] informative_0015 1.49s  'The image is a button that likely leads to more information about the backup pro'
[81/298] informative_0016 2.48s  'The image is a loading icon, commonly used to indicate that a page is loading or'
[82/298] informative_0017 1.43s  'The image is a progress indicator, showing that the upload process is currently '
[83/298] informative_0018 1.23s  'The image is a loading icon, indicating that the backup process is in progress.'
[84/298] informative_0019 2.36s  'The image is a loading icon, commonly used to indicate that a file is being proc'
[85/298] informative_0020 0.88s  'The image is a link to an informational page.'
[86/298] informative_0021 1.64s  'The image is a button or link. It is used to navigate to a page or section relat'
[87/298] informative_0022 1.73s  'The image is a button that likely performs the action of opening a page or a spe'
[88/298] informative_0023 1.93s  'The image is a button that likely serves as a link to a webpage or a product pag'
[89/298] informative_0024 1.32s  'The image is a button that likely leads to more information about the invoice.'
[90/298] informative_0025 2.04s  'The image is a button or link. Its purpose is to provide a link to a specific se'
[91/298] informative_0026 1.44s  'The image is a button that likely serves as a link to more information about Jam'
[92/298] informative_0027 1.79s  'The image is a button that likely serves as a link to a profile or information p'
[93/298] informative_0028 1.88s  'The image is a button that likely serves as a link to a profile or information p'
[94/298] informative_0029 2.26s  'The image is a button or link that is part of a web page. It is designed to be c'
[95/298] informative_0030 1.54s  'The image is a button that likely serves as a link to more information about Len'
[96/298] informative_0031 0.91s  'The image is a link to the Italian language page.'
[97/298] informative_0032 0.92s  'The image is a link to the German language page.'
[98/298] informative_0033 1.03s  'The image is a link to the "Poland" page.'
[99/298] informative_0034 0.86s  'The image is a link to the French language page.'
[100/298] informative_0035 0.85s  'The image is a link to the Austrian flag.'
[101/298] informative_0036 0.96s  'The image is a link to the "Ireland" page.'
[102/298] informative_0037 2.58s  'The image is a link to the Ukraine page on the website. It is used to provide a '
[103/298] informative_0038 0.82s  'The image is a link to the Netherlands.'
[104/298] informative_0039 1.02s  'The image is a placeholder for an image of a mug.'
[105/298] informative_0040 1.13s  'The image is a placeholder for an image of a cardboard box.'
[106/298] informative_0041 1.03s  'The image is a product image for a hardback book.'
[107/298] informative_0042 1.08s  'The image is a placeholder for an image of a water bottle.'
[108/298] informative_0043 0.99s  'The image is a product image for a t-shirt.'
[109/298] informative_0044 1.91s  'The image is a product image for a table lamp. It is used to display the product'
[110/298] informative_0045 2.26s  'The image is a product image for a potted plant. It is used to display the produ'
[111/298] informative_0046 1.09s  'The image is a product image for a smartphone.'
[112/298] informative_0047 0.59s  'Empty.'
[113/298] informative_0048 0.99s  'Camera, 17.00'
[114/298] informative_0049 3.29s  'The image is a visual representation of a walking route, indicating that it is a'
[115/298] informative_0050 3.09s  'The image is a placeholder for an instructional or informative image, likely use'
[116/298] informative_0051 3.39s  'The image is a visual representation of a walking route, indicating that it is a'
[117/298] informative_0052 2.78s  'The image is a placeholder for an instructional or informative image, likely use'
[118/298] informative_0053 3.33s  'The image is a visual representation of a walking route, indicating that it is a'
[119/298] informative_0054 1.39s  'The image is a decorative illustration of a house at sunrise.'
[120/298] informative_0055 2.91s  'The image is a decorative illustration used to provide context for the text "A t'
[121/298] informative_0056 1.23s  'This image is a decorative illustration of mountains at sunset.'
[122/298] informative_0057 1.83s  'The image is a placeholder for an illustration that will be used to provide info'
[123/298] informative_0058 2.52s  'The image is a decorative illustration of a city skyline at night. It is used to'
[124/298] informative_0059 2.17s  'The image is a decorative illustration of a campfire under the stars, likely int'
[125/298] informative_0060 2.03s  'The image is a placeholder for an illustration that will be used to provide info'
[126/298] decorative_0001 0.64s  'Weekly digest'
[127/298] decorative_0002 3.12s  'The image is a decorative element, likely used for aesthetic purposes, as it is '
[128/298] decorative_0003 2.3s  'The image is a decorative element, likely used for visual appeal or branding pur'
[129/298] decorative_0004 2.43s  'The image is a decorative element, likely used for visual appeal or to break up '
[130/298] decorative_0005 2.7s  'The image is a decorative element used to enhance the visual appeal of the page.'
[131/298] decorative_0006 3.0s  'The image is a decorative element, likely used for aesthetic purposes, as it is '
[132/298] decorative_0007 2.36s  'The image is a decorative element, likely used to add visual interest or to sepa'
[133/298] decorative_0008 2.6s  'The image is a decorative element used to enhance the visual appeal of the page.'
[134/298] decorative_0009 2.47s  'The image is a decorative element, likely used for visual appeal or to break up '
[135/298] decorative_0010 2.8s  'The image is a decorative element, likely used to enhance the visual appeal of t'
[136/298] decorative_0011 2.85s  'The image is a decorative element, likely used for visual emphasis or to add a t'
[137/298] decorative_0012 2.52s  'The image is a decorative element used to enhance the visual appeal of the web p'
[138/298] decorative_0013 2.66s  'The image is a decorative element, likely used for visual appeal or to add a tou'
[139/298] decorative_0014 2.96s  'The image is a decorative element used to enhance the visual appeal of the text '
[140/298] decorative_0015 3.98s  'The image is a decorative element used to visually separate the text "Free retur'
[141/298] decorative_0016 2.9s  'The image is a decorative element used to enhance the visual appeal of the web p'
[142/298] decorative_0017 2.56s  'The image is a decorative element used to enhance the visual appeal of the page.'
[143/298] decorative_0018 2.11s  'The image is a decorative element used to separate sections on a webpage. It is '
[144/298] decorative_0019 1.68s  'The image is a decorative element used to separate sections on a webpage. It is '
[145/298] decorative_0020 3.19s  'The image is a decorative element used to enhance the visual appeal of the foote'
[146/298] decorative_0021 2.11s  'The image is a decorative element used for visual appeal on a web page. It is no'
[147/298] decorative_0022 1.2s  'The image is a decorative element used to enhance the visual appeal of the page.'
[148/298] decorative_0023 1.56s  'The image is a decorative element used to separate sections on a webpage. It is '
[149/298] decorative_0024 0.77s  'Empty'
[150/298] decorative_0025 0.84s  'Weekly digest'
[151/298] decorative_0026 0.81s  'Empty.'
[152/298] decorative_0027 1.18s  'The image is a placeholder for a link or button.'
[153/298] decorative_0028 0.56s  'Empty.'
[154/298] decorative_0029 1.21s  'The image is a placeholder for a button or link.'
[155/298] decorative_0030 1.33s  'The image is a decorative element, likely used to enhance the visual appeal of t'
[156/298] decorative_0031 1.34s  'The image is a decorative element, likely used to enhance the visual appeal of t'
[157/298] decorative_0032 0.46s  'Empty'
[158/298] decorative_0033 2.03s  'The image is a decorative element used to enhance the visual appeal of the text '
[159/298] decorative_0034 0.49s  'Empty.'
[160/298] decorative_0035 1.95s  'The image is a decorative element, likely used for visual appeal or to add a tou'
[161/298] decorative_0036 1.6s  'The image is a decorative element, likely used for visual appeal or to add a tou'
[162/298] decorative_0037 2.21s  'The image is a decorative element, likely used for visual appeal or to add a tou'
[163/298] decorative_0038 1.38s  'The image is a decorative element, likely used to enhance the visual appeal of t'
[164/298] decorative_0039 1.37s  'The image is a decorative element, likely used to enhance the visual appeal of t'
[165/298] decorative_0040 2.22s  'The image is a decorative element used to enhance the visual appeal of the web p'
[166/298] decorative_0041 0.51s  'Weekly digest'
[167/298] decorative_0042 0.59s  'Weekly digest'
[168/298] decorative_0043 2.1s  'The image is a decorative element used to separate sections on the page. It is n'
[169/298] decorative_0044 2.12s  'The image is a decorative element, likely used to enhance the visual appeal of t'
[170/298] decorative_0045 2.26s  'The image is a decorative element used to enhance the visual appeal of the text '
[171/298] decorative_0046 2.07s  'The image is a decorative element used to separate sections on the page. It is n'
[172/298] decorative_0047 3.37s  'The image is a decorative element used to separate the main content from the sub'
[173/298] decorative_0048 2.51s  'The image is a decorative element, likely used to enhance the visual appeal of t'
[174/298] decorative_0049 2.41s  'The image is a decorative element used to enhance the visual appeal of the page.'
[175/298] decorative_0050 3.97s  'The image is a decorative element used to enhance the visual appeal of the web p'
[176/298] decorative_0051 2.68s  'The image is a decorative element used to separate sections on the page. It is n'
[177/298] decorative_0052 0.55s  'Weekly digest'
[178/298] decorative_0053 0.59s  'Weekly digest'
[179/298] decorative_0054 2.97s  'The image is a decorative element, likely used to enhance the visual appeal of t'
[180/298] decorative_0055 2.1s  'The image is a decorative element, likely used for visual appeal or to add a tou'
[181/298] decorative_0056 0.51s  'Empty'
[182/298] decorative_0057 0.63s  'Weekly digest'
[183/298] decorative_0058 0.68s  'Empty.'
[184/298] decorative_0059 0.49s  'Empty'
[185/298] image_of_text_0001 2.73s  'The image is a button or link. Its purpose is to direct users to a website or pa'
[186/298] image_of_text_0002 1.58s  'The image is a button. Its purpose is to link to a page or website.'
[187/298] image_of_text_0003 1.11s  'The image is a link to a website.'
[188/298] image_of_text_0004 2.85s  'The image is a button or link. It is designed to be clicked to navigate to a web'
[189/298] image_of_text_0005 2.68s  'The image is a button or link. Its purpose is to direct users to a specific page'
[190/298] image_of_text_0006 3.7s  'The image is a logo for "FOXGLOVE STUDIO." It is used to identify the studio and'
[191/298] image_of_text_0007 2.92s  'The image is a button or link. Its purpose is to direct users to a specific page'
[192/298] image_of_text_0008 4.47s  'The image is a logo for "HALCYON TRAVEL." It is used to represent the brand and '
[193/298] image_of_text_0009 3.03s  'The image is a button or link. Its purpose is to direct users to a Bramble Groce'
[194/298] image_of_text_0010 5.84s  'The image is a logo for Quill & Sable, a company that appears to be related to t'
[195/298] image_of_text_0011 2.58s  'The image is a promotional banner for a sale. The purpose of the image is to dra'
[196/298] image_of_text_0012 2.14s  'The image is a promotional banner for a sale. The purpose of the image is to dra'
[197/298] image_of_text_0013 3.82s  'The image is a promotional banner for a sale. The purpose of the image is to dra'
[198/298] image_of_text_0014 2.74s  'The image is a promotional banner for a summer sale that starts on Friday. The p'
[199/298] image_of_text_0015 2.17s  'The image is a promotional banner for a sale. The purpose of the banner is to dr'
[200/298] image_of_text_0016 3.81s  'The image is a promotional banner for a sale. The purpose of the image is to dra'
[201/298] image_of_text_0017 3.54s  'The image is a promotional banner for a winter sale. It is designed to attract a'
[202/298] image_of_text_0018 2.5s  'The image is a promotional banner for a sale. The purpose of the image is to dra'
[203/298] image_of_text_0019 2.62s  'The image is a decorative element, likely used for visual appeal or to add a tou'
[204/298] image_of_text_0020 2.89s  'The image is a decorative element, likely used for visual appeal or to add a tou'
[205/298] image_of_text_0021 3.24s  'The image is a decorative element, likely used for visual appeal or to add a tou'
[206/298] image_of_text_0022 3.13s  'The image is a decorative element, likely used for visual appeal or to add a tou'
[207/298] image_of_text_0023 3.18s  'The image is a decorative element, likely used for visual appeal or to add a tou'
[208/298] image_of_text_0024 2.64s  'The image is a decorative element, likely used for visual appeal or to add a tou'
[209/298] image_of_text_0025 1.34s  'The image is a placeholder for text that will be displayed on the page.'
[210/298] image_of_text_0026 1.39s  'The image is a button that performs the action of opening a new tab or window.'
[211/298] image_of_text_0027 1.54s  'The image is a button that likely serves as a call-to-action or a navigation lin'
[212/298] image_of_text_0028 0.99s  'The image is a placeholder for text.'
[213/298] image_of_text_0029 2.21s  'The image is a button that, when clicked, will take the user to the "Our 2026 im'
[214/298] image_of_text_0030 1.42s  'The image is a button that performs the action of opening a new tab or window.'
[215/298] image_of_text_0031 3.11s  'The image is a CAPTCHA, a challenge to verify that the user is human, typically '
[216/298] image_of_text_0032 3.69s  'The image is a CAPTCHA (Completely Automated Public Turing test to tell Computer'
[217/298] image_of_text_0033 3.45s  'The image is a CAPTCHA (Completely Automated Public Turing test to tell Computer'
[218/298] image_of_text_0034 3.7s  'The image is a CAPTCHA (Completely Automated Public Turing test to tell Computer'
[219/298] image_of_text_0035 3.78s  'The image is a CAPTCHA, a type of challenge used to prevent automated bots from '
[220/298] image_of_text_0036 3.87s  'The image is a CAPTCHA, a challenge to verify that the user is human and not a b'
[221/298] image_of_text_0037 3.87s  'The image is a button or link that provides information about Kestrel Books. It '
[222/298] image_of_text_0038 1.84s  'The image is a button or link. It is designed to be clicked to navigate to the N'
[223/298] image_of_text_0039 2.42s  'The image is a button that likely serves as a link to a website or a page. It is'
[224/298] image_of_text_0040 1.57s  "The image is a button that opens a link to the Foxglove Studio's address."
[225/298] image_of_text_0041 1.42s  'The image is a button that opens a link to Bramble Grocers.'
[226/298] image_of_text_0042 1.85s  'The image is a call-to-action button. Its purpose is to direct users to contact '
[227/298] image_of_text_0043 3.42s  'The image is a contact strip with a phone icon and contact details. The purpose '
[228/298] image_of_text_0044 2.5s  'The image is a phone number for a contact strip. The purpose of the image is to '
[229/298] image_of_text_0045 1.86s  'The image is a call-to-action button. Its purpose is to direct users to contact '
[230/298] image_of_text_0046 1.24s  'The image is a button that opens doors at 7.'
[231/298] image_of_text_0047 1.7s  'The image is a decorative element, likely used for aesthetic purposes rather tha'
[232/298] image_of_text_0048 2.36s  'The image is a button that is part of a web page. It is designed to be clicked t'
[233/298] image_of_text_0049 1.27s  'The image is a placeholder for text.'
[234/298] image_of_text_0050 1.59s  'The image is a button that likely leads to more information about the winter men'
[235/298] image_of_text_0051 0.88s  'JOIN THE WAITING LIST'
[236/298] image_of_text_0052 3.22s  'The image is a button that opens a link to an event titled "Repair cafe." The pu'
[237/298] image_of_text_0053 4.14s  "The image is a button that is part of a web page's navigation menu. It is design"
[238/298] image_of_text_0054 1.29s  'The image is a link to an event.'
[239/298] image_of_text_0055 2.13s  'The image is a button that opens a link to an event. The purpose of the image is'
[240/298] image_of_text_0056 3.08s  "The image is a button that is part of a web page's navigation menu. It is design"
[241/298] complex_0001 2.84s  'The image is a bar chart that displays the total sales by quarter in thousand po'
[242/298] complex_0002 4.74s  'The image is a bar chart that displays the number of support tickets by channel.'
[243/298] complex_0003 4.3s  'The image is a bar chart that displays the number of weekly signups for differen'
[244/298] complex_0004 3.45s  'The image is a bar chart that displays the energy use by floor in kWh. The purpo'
[245/298] complex_0005 4.39s  'The image is a bar chart that displays the number of books borrowed by genre. Th'
[246/298] complex_0006 3.31s  'The image is a bar chart that displays the average delivery time for four region'
[247/298] complex_0007 4.55s  'The image is a bar chart that shows the percentage of site visits by different d'
[248/298] complex_0008 4.71s  'The image is a bar chart titled "Rainfall by month" with a scale of millimetres '
[249/298] complex_0009 4.74s  'The image is a bar chart that displays the number of volunteers by branch. The c'
[250/298] complex_0010 3.51s  'The image is a bar chart that shows the number of errors per release for differe'
[251/298] complex_0011 3.45s  'The image is a bar chart displaying energy use by floor in a building. The purpo'
[252/298] complex_0012 2.79s  'The image is a bar chart displaying the number of books borrowed by genre. The p'
[253/298] complex_0013 3.65s  'The image is a bar chart displaying the average delivery time for four regions: '
[254/298] complex_0014 3.42s  'The image is a bar chart displaying the number of site visits by different devic'
[255/298] complex_0015 3.29s  'The image is a bar chart displaying the rainfall by month. Its purpose is to pro'
[256/298] complex_0016 3.2s  'The image is a bar chart displaying the number of volunteers by branch. The purp'
[257/298] complex_0017 2.82s  'The image is a line graph displaying the total sales by quarter in thousand poun'
[258/298] complex_0018 4.08s  'The image is a line graph that shows the number of support tickets by channel. T'
[259/298] complex_0019 3.5s  'The image is a line graph displaying weekly signups over a period of five days. '
[260/298] complex_0020 3.47s  'The image is a line graph that displays energy use by floor in kWh. The purpose '
[261/298] complex_0021 4.43s  'The image is a line graph that shows the number of books borrowed by genre. The '
[262/298] complex_0022 3.72s  'The image is a line graph that displays the average delivery time for different '
[263/298] complex_0023 5.14s  'The image is a pie chart showing the distribution of site visits by device. The '
[264/298] complex_0024 4.83s  'The image is a pie chart showing the rainfall distribution by month. The purpose'
[265/298] complex_0025 4.28s  'The image is a pie chart displaying the distribution of volunteers among three b'
[266/298] complex_0026 3.63s  'The image is a pie chart displaying the percentage of errors per release for dif'
[267/298] complex_0027 3.61s  'The image is a pie chart representing the distribution of members across differe'
[268/298] complex_0028 2.86s  'The image is a pie chart displaying the distribution of cups served per day acro'
[269/298] complex_0029 3.18s  'The image is a pie chart showing the percentage of repairs completed for differe'
[270/298] complex_0030 2.63s  'The image is a pie chart displaying the percentage of newsletter opens for diffe'
[271/298] complex_0031 3.89s  'The image is a bar chart that displays the number of errors per release for diff'
[272/298] complex_0032 4.18s  'The image is a bar chart that visually represents the distribution of members ac'
[273/298] complex_0033 3.26s  'The image is a bar chart that shows the number of cups served per day for differ'
[274/298] complex_0034 3.77s  'The image is a bar chart that shows the number of repairs completed for differen'
[275/298] complex_0035 2.98s  'The image is a bar chart that displays the number of newsletter opens for differ'
[276/298] complex_0036 3.7s  'The image is a bar chart that visually represents the distribution of stock acro'
[277/298] complex_0037 3.52s  'The image is a screenshot of a table showing the number of signups for different'
[278/298] complex_0038 2.8s  'The image is a button that, when clicked, will take the user to a full report on'
[279/298] complex_0039 4.1s  'The image is a table displaying the number of books borrowed by genre. The purpo'
[280/298] complex_0040 3.09s  'The image is a table displaying the average delivery time for different regions.'
[281/298] complex_0041 3.17s  'The image is a table showing the distribution of site visits by device type. The'
[282/298] complex_0042 2.46s  'The image is a table displaying rainfall data by month. The purpose of the image'
[283/298] complex_0043 3.74s  'The image is a screenshot of a web page, specifically a section titled "How a re'
[284/298] complex_0044 3.24s  'The image is a figure that visually represents the article workflow. It shows a '
[285/298] complex_0045 3.26s  'The image is a diagram illustrating the process of support escalation. It shows '
[286/298] complex_0046 1.91s  'The image is a button that, when clicked, will take the user to a report titled '
[287/298] complex_0047 3.53s  'The image is a figure that visually represents the process of account setup on a'
[288/298] complex_0048 3.84s  'The image is a diagram that represents the process of repair intake. It shows a '
[289/298] complex_0049 3.77s  'The image is a screenshot of a web page section titled "Store team" with a link '
[290/298] complex_0050 3.9s  'The image is a figure that displays a simple organizational chart. The purpose o'
[291/298] complex_0051 3.9s  'The image is a screenshot of a webpage section titled "Library staff" with a sub'
[292/298] complex_0052 3.78s  'The image is a figure that displays a hierarchical structure of kitchen roles. T'
[293/298] complex_0053 2.58s  'The image is a figure that contains a chart with a caption. The purpose of the i'
[294/298] complex_0054 3.77s  "The image is a timeline graphic that outlines the milestones of a company's grow"
[295/298] complex_0055 3.67s  'The image is a visual representation of a project timeline, indicating the phase'
[296/298] complex_0056 3.82s  'The image is a timeline illustrating the building history of a structure, specif'
[297/298] complex_0057 3.98s  'The image is a timeline representing the release history of a product or service'
[298/298] complex_0058 4.85s  'The image is a visual representation of a grant timeline, indicating the stages '
wrote results/raw/Qwen__Qwen2-VL-2B-Instruct__wcag_context.json: 298 outputs, mean 2.24s/image over 298 new items
EXIT 0
